ACCOUNT;1;Счет 1;2288773,18
ACCOUNT;2;Счет 2;1652626,74
ACCOUNT;3;Счет 3;1488655,91
ACCOUNT;4;Счет 4;1479489,81
ACCOUNT;5;Счет 5;2031477,90
ACCOUNT;6;Счет 6;1910120,54
ACCOUNT;7;Счет 7;2087878,95
ACCOUNT;8;Счет 8;1610901,31
ACCOUNT;9;Счет 9;1436039,98
ACCOUNT;10;Счет 10;1762493,53
CATEGORY;1;INCOME;Зарплата
CATEGORY;2;INCOME;Премия
CATEGORY;3;INCOME;Кэшбэк
CATEGORY;4;INCOME;Подработка
CATEGORY;5;INCOME;Проценты по вкладу
CATEGORY;6;EXPENSE;Продукты
CATEGORY;7;EXPENSE;Кафе и рестораны
CATEGORY;8;EXPENSE;Транспорт
CATEGORY;9;EXPENSE;Коммунальные услуги
CATEGORY;10;EXPENSE;Развлечения
OPERATION;1;EXPENSE;4;2035,00;2026-03-16 01:13:06.716;Хобби;10
OPERATION;2;EXPENSE;6;1544,00;2026-03-16 01:13:06.716;Бензин;8
OPERATION;3;INCOME;5;38399,00;2026-03-16 01:13:06.716;Премия;2
OPERATION;4;EXPENSE;4;4911,00;2026-03-16 01:13:06.717;Ужин;7
OPERATION;5;EXPENSE;10;4702,00;2026-03-16 01:13:06.717;Коммунальные услуги;9
OPERATION;6;EXPENSE;7;2213,00;2026-03-16 01:13:06.717;Коммунальные услуги;9
OPERATION;7;EXPENSE;7;2980,00;2026-03-16 01:13:06.717;Обед;7
OPERATION;8;EXPENSE;2;4737,00;2026-03-16 01:13:06.717;Обед;7
OPERATION;9;EXPENSE;7;2312,00;2026-03-16 01:13:06.717;Коммунальные услуги;9
OPERATION;10;EXPENSE;9;1250,00;2026-03-16 01:13:06.717;Кофе;7
OPERATION;11;EXPENSE;2;3960,00;2026-03-16 01:13:06.717;Кофе;7
OPERATION;12;INCOME;10;14664,00;2026-03-16 01:13:06.717;Премия;2
OPERATION;13;EXPENSE;1;5192,00;2026-03-16 01:13:06.717;Продукты;6
OPERATION;14;EXPENSE;6;6711,00;2026-03-16 01:13:06.717;Коммунальные услуги;9
OPERATION;15;EXPENSE;6;1243,00;2026-03-16 01:13:06.717;Кино;10
OPERATION;16;EXPENSE;4;3547,00;2026-03-16 01:13:06.717;Концерт;10
OPERATION;17;INCOME;4;32730,00;2026-03-16 01:13:06.717;Зарплата за February 2021;1
OPERATION;18;EXPENSE;5;1796,00;2026-03-16 01:13:06.717;Кофе;7
OPERATION;19;EXPENSE;10;1243,00;2026-03-16 01:13:06.717;Продукты;6
OPERATION;20;EXPENSE;8;5833,00;2026-03-16 01:13:06.717;Продукты;6
OPERATION;21;EXPENSE;7;4186,00;2026-03-16 01:13:06.717;Продукты;6
OPERATION;22;EXPENSE;2;4351,00;2026-03-16 01:13:06.717;Ужин;7
OPERATION;23;EXPENSE;6;3325,00;2026-03-16 01:13:06.717;Кофе;7
OPERATION;24;EXPENSE;3;6421,00;2026-03-16 01:13:06.717;Продукты;6
OPERATION;25;EXPENSE;8;2703,00;2026-03-16 01:13:06.717;Коммунальные услуги;9
OPERATION;26;INCOME;10;59875,00;2026-03-16 01:13:06.717;Зарплата за February 2021;1
OPERATION;27;EXPENSE;1;1054,00;2026-03-16 01:13:06.717;Продукты;6
OPERATION;28;EXPENSE;2;4754,00;2026-03-16 01:13:06.717;Хобби;10
OPERATION;29;EXPENSE;1;3721,00;2026-03-16 01:13:06.717;Продукты;6
OPERATION;30;INCOME;1;125247,00;2026-03-16 01:13:06.717;Зарплата за March 2021;1
OPERATION;31;INCOME;7;75980,00;2026-03-16 01:13:06.717;Зарплата за March 2021;1
OPERATION;32;INCOME;7;92130,00;2026-03-16 01:13:06.717;Зарплата за March 2021;1
OPERATION;33;EXPENSE;10;6385,00;2026-03-16 01:13:06.717;Коммунальные услуги;9
OPERATION;34;EXPENSE;6;676,00;2026-03-16 01:13:06.717;Бензин;8
OPERATION;35;EXPENSE;3;453,00;2026-03-16 01:13:06.717;Такси;8
OPERATION;36;EXPENSE;10;563,00;2026-03-16 01:13:06.717;Бензин;8
OPERATION;37;EXPENSE;2;2858,00;2026-03-16 01:13:06.717;Коммунальные услуги;9
OPERATION;38;INCOME;7;16858,00;2026-03-16 01:13:06.717;Премия;2
OPERATION;39;EXPENSE;10;2047,00;2026-03-16 01:13:06.717;Ужин;7
OPERATION;40;INCOME;10;89893,00;2026-03-16 01:13:06.717;Зарплата за March 2021;1
OPERATION;41;EXPENSE;5;4994,00;2026-03-16 01:13:06.717;Ужин;7
OPERATION;42;EXPENSE;10;6230,00;2026-03-16 01:13:06.717;Коммунальные услуги;9
OPERATION;43;INCOME;7;39249,00;2026-03-16 01:13:06.717;Премия;2
OPERATION;44;INCOME;9;79458,00;2026-03-16 01:13:06.717;Зарплата за April 2021;1
OPERATION;45;EXPENSE;3;2730,00;2026-03-16 01:13:06.717;Обед;7
OPERATION;46;EXPENSE;4;573,00;2026-03-16 01:13:06.717;Продукты;6
OPERATION;47;EXPENSE;4;1863,00;2026-03-16 01:13:06.717;Такси;8
OPERATION;48;EXPENSE;10;2527,00;2026-03-16 01:13:06.717;Коммунальные услуги;9
OPERATION;49;EXPENSE;10;5461,00;2026-03-16 01:13:06.717;Коммунальные услуги;9
OPERATION;50;EXPENSE;4;2517,00;2026-03-16 01:13:06.717;Коммунальные услуги;9
OPERATION;51;EXPENSE;7;140,00;2026-03-16 01:13:06.717;Метро;8
OPERATION;52;INCOME;1;2716,00;2026-03-16 01:13:06.717;Кэшбэк;3
OPERATION;53;INCOME;3;31817,00;2026-03-16 01:13:06.717;Зарплата за April 2021;1
OPERATION;54;EXPENSE;9;4527,00;2026-03-16 01:13:06.717;Коммунальные услуги;9
OPERATION;55;INCOME;4;43286,00;2026-03-16 01:13:06.717;Премия;2
OPERATION;56;INCOME;2;87882,00;2026-03-16 01:13:06.717;Зарплата за April 2021;1
OPERATION;57;INCOME;9;44319,00;2026-03-16 01:13:06.717;Премия;2
OPERATION;58;EXPENSE;6;1253,00;2026-03-16 01:13:06.717;Такси;8
OPERATION;59;INCOME;3;125938,00;2026-03-16 01:13:06.717;Зарплата за April 2021;1
OPERATION;60;EXPENSE;4;4045,00;2026-03-16 01:13:06.717;Кино;10
OPERATION;61;EXPENSE;5;294,00;2026-03-16 01:13:06.717;Бензин;8
OPERATION;62;INCOME;2;67187,00;2026-03-16 01:13:06.717;Зарплата за April 2021;1
OPERATION;63;EXPENSE;2;6520,00;2026-03-16 01:13:06.717;Хобби;10
OPERATION;64;EXPENSE;4;4391,00;2026-03-16 01:13:06.717;Кофе;7
OPERATION;65;EXPENSE;9;5348,00;2026-03-16 01:13:06.717;Продукты;6
OPERATION;66;INCOME;8;14270,00;2026-03-16 01:13:06.717;Премия;2
OPERATION;67;INCOME;7;84578,00;2026-03-16 01:13:06.717;Зарплата за May 2021;1
OPERATION;68;INCOME;1;139681,00;2026-03-16 01:13:06.717;Зарплата за May 2021;1
OPERATION;69;INCOME;9;134932,00;2026-03-16 01:13:06.717;Зарплата за May 2021;1
OPERATION;70;INCOME;2;41931,00;2026-03-16 01:13:06.717;Зарплата за May 2021;1
OPERATION;71;EXPENSE;9;2860,00;2026-03-16 01:13:06.717;Ужин;7
OPERATION;72;EXPENSE;6;8905,00;2026-03-16 01:13:06.717;Коммунальные услуги;9
OPERATION;73;EXPENSE;8;3471,00;2026-03-16 01:13:06.717;Обед;7
OPERATION;74;EXPENSE;1;4424,00;2026-03-16 01:13:06.717;Коммунальные услуги;9
OPERATION;75;EXPENSE;1;5025,00;2026-03-16 01:13:06.717;Коммунальные услуги;9
OPERATION;76;EXPENSE;4;3857,00;2026-03-16 01:13:06.717;Ужин;7
OPERATION;77;EXPENSE;3;5691,00;2026-03-16 01:13:06.717;Коммунальные услуги;9
OPERATION;78;EXPENSE;7;423,00;2026-03-16 01:13:06.717;Ужин;7
OPERATION;79;EXPENSE;4;7406,00;2026-03-16 01:13:06.717;Продукты;6
OPERATION;80;EXPENSE;2;3966,00;2026-03-16 01:13:06.717;Ужин;7
OPERATION;81;EXPENSE;9;6089,00;2026-03-16 01:13:06.717;Продукты;6
OPERATION;82;EXPENSE;8;9410,00;2026-03-16 01:13:06.717;Коммунальные услуги;9
OPERATION;83;EXPENSE;3;7007,00;2026-03-16 01:13:06.717;Коммунальные услуги;9
OPERATION;84;EXPENSE;4;1403,00;2026-03-16 01:13:06.717;Такси;8
OPERATION;85;EXPENSE;4;4356,00;2026-03-16 01:13:06.717;Продукты;6
OPERATION;86;EXPENSE;1;1333,00;2026-03-16 01:13:06.717;Продукты;6
OPERATION;87;EXPENSE;1;368,00;2026-03-16 01:13:06.717;Кофе;7
OPERATION;88;EXPENSE;8;559,00;2026-03-16 01:13:06.717;Бензин;8
OPERATION;89;EXPENSE;9;1011,00;2026-03-16 01:13:06.717;Обед;7
OPERATION;90;INCOME;6;110107,00;2026-03-16 01:13:06.717;Зарплата за June 2021;1
OPERATION;91;INCOME;10;122677,00;2026-03-16 01:13:06.717;Зарплата за June 2021;1
OPERATION;92;INCOME;5;147704,00;2026-03-16 01:13:06.718;Зарплата за June 2021;1
OPERATION;93;INCOME;9;2372,00;2026-03-16 01:13:06.718;Кэшбэк;3
OPERATION;94;EXPENSE;6;2968,00;2026-03-16 01:13:06.718;Хобби;10
OPERATION;95;EXPENSE;8;5720,00;2026-03-16 01:13:06.718;Коммунальные услуги;9
OPERATION;96;INCOME;6;41538,00;2026-03-16 01:13:06.718;Премия;2
OPERATION;97;EXPENSE;7;5625,00;2026-03-16 01:13:06.718;Хобби;10
OPERATION;98;EXPENSE;2;7494,00;2026-03-16 01:13:06.718;Продукты;6
OPERATION;99;INCOME;8;94590,00;2026-03-16 01:13:06.718;Зарплата за July 2021;1
OPERATION;100;INCOME;4;22708,00;2026-03-16 01:13:06.718;Премия;2
OPERATION;101;EXPENSE;3;4377,00;2026-03-16 01:13:06.718;Кино;10
OPERATION;102;EXPENSE;7;7310,00;2026-03-16 01:13:06.718;Продукты;6
OPERATION;103;EXPENSE;2;1550,00;2026-03-16 01:13:06.718;Концерт;10
OPERATION;104;EXPENSE;2;2922,00;2026-03-16 01:13:06.718;Ужин;7
OPERATION;105;EXPENSE;6;7355,00;2026-03-16 01:13:06.718;Продукты;6
OPERATION;106;EXPENSE;8;3925,00;2026-03-16 01:13:06.718;Обед;7
OPERATION;107;EXPENSE;3;1029,00;2026-03-16 01:13:06.718;Хобби;10
OPERATION;108;EXPENSE;3;629,00;2026-03-16 01:13:06.718;Бензин;8
OPERATION;109;EXPENSE;5;2290,00;2026-03-16 01:13:06.718;Кофе;7
OPERATION;110;EXPENSE;6;2431,00;2026-03-16 01:13:06.718;Ужин;7
OPERATION;111;INCOME;10;76810,00;2026-03-16 01:13:06.718;Зарплата за August 2021;1
OPERATION;112;INCOME;1;10455,00;2026-03-16 01:13:06.718;Премия;2
OPERATION;113;EXPENSE;5;1788,00;2026-03-16 01:13:06.718;Обед;7
OPERATION;114;EXPENSE;6;6299,00;2026-03-16 01:13:06.718;Коммунальные услуги;9
OPERATION;115;INCOME;3;87411,00;2026-03-16 01:13:06.718;Зарплата за August 2021;1
OPERATION;116;EXPENSE;4;4766,00;2026-03-16 01:13:06.718;Ужин;7
OPERATION;117;EXPENSE;1;2889,00;2026-03-16 01:13:06.718;Кино;10
OPERATION;118;EXPENSE;7;8054,00;2026-03-16 01:13:06.718;Коммунальные услуги;9
OPERATION;119;INCOME;6;18627,00;2026-03-16 01:13:06.718;Премия;2
OPERATION;120;INCOME;7;5830,00;2026-03-16 01:13:06.718;Премия;2
OPERATION;121;EXPENSE;9;803,00;2026-03-16 01:13:06.718;Бензин;8
OPERATION;122;EXPENSE;5;1105,00;2026-03-16 01:13:06.718;Обед;7
OPERATION;123;EXPENSE;9;816,00;2026-03-16 01:13:06.718;Кофе;7
OPERATION;124;EXPENSE;1;1699,00;2026-03-16 01:13:06.718;Бензин;8
OPERATION;125;INCOME;5;18996,00;2026-03-16 01:13:06.718;Премия;2
OPERATION;126;EXPENSE;4;7272,00;2026-03-16 01:13:06.718;Коммунальные услуги;9
OPERATION;127;INCOME;2;58722,00;2026-03-16 01:13:06.718;Зарплата за August 2021;1
OPERATION;128;INCOME;6;142621,00;2026-03-16 01:13:06.718;Зарплата за August 2021;1
OPERATION;129;INCOME;6;121551,00;2026-03-16 01:13:06.718;Зарплата за August 2021;1
OPERATION;130;INCOME;5;5348,00;2026-03-16 01:13:06.718;Премия;2
OPERATION;131;EXPENSE;2;3932,00;2026-03-16 01:13:06.718;Обед;7
OPERATION;132;INCOME;4;144677,00;2026-03-16 01:13:06.718;Зарплата за August 2021;1
OPERATION;133;EXPENSE;8;2306,00;2026-03-16 01:13:06.718;Коммунальные услуги;9
OPERATION;134;EXPENSE;10;2646,00;2026-03-16 01:13:06.718;Хобби;10
OPERATION;135;INCOME;9;47066,00;2026-03-16 01:13:06.718;Зарплата за September 2021;1
OPERATION;136;EXPENSE;7;2351,00;2026-03-16 01:13:06.718;Обед;7
OPERATION;137;EXPENSE;1;256,00;2026-03-16 01:13:06.718;Метро;8
OPERATION;138;INCOME;5;1957,00;2026-03-16 01:13:06.718;Кэшбэк;3
OPERATION;139;EXPENSE;3;3179,00;2026-03-16 01:13:06.718;Продукты;6
OPERATION;140;INCOME;10;47334,00;2026-03-16 01:13:06.718;Премия;2
OPERATION;141;EXPENSE;9;3105,00;2026-03-16 01:13:06.718;Обед;7
OPERATION;142;EXPENSE;4;4656,00;2026-03-16 01:13:06.718;Коммунальные услуги;9
OPERATION;143;EXPENSE;2;1348,00;2026-03-16 01:13:06.718;Бензин;8
OPERATION;144;EXPENSE;9;4627,00;2026-03-16 01:13:06.718;Кофе;7
OPERATION;145;EXPENSE;6;1831,00;2026-03-16 01:13:06.718;Такси;8
OPERATION;146;INCOME;7;45075,00;2026-03-16 01:13:06.718;Премия;2
OPERATION;147;EXPENSE;5;7593,00;2026-03-16 01:13:06.718;Продукты;6
OPERATION;148;EXPENSE;7;1601,00;2026-03-16 01:13:06.718;Бензин;8
OPERATION;149;INCOME;5;44245,00;2026-03-16 01:13:06.718;Премия;2
OPERATION;150;EXPENSE;1;245,00;2026-03-16 01:13:06.718;Метро;8
OPERATION;151;INCOME;1;80520,00;2026-03-16 01:13:06.718;Зарплата за October 2021;1
OPERATION;152;EXPENSE;2;1920,00;2026-03-16 01:13:06.718;Концерт;10
OPERATION;153;EXPENSE;1;507,00;2026-03-16 01:13:06.718;Такси;8
OPERATION;154;EXPENSE;9;793,00;2026-03-16 01:13:06.718;Такси;8
OPERATION;155;EXPENSE;6;1147,00;2026-03-16 01:13:06.718;Кофе;7
OPERATION;156;EXPENSE;7;1698,00;2026-03-16 01:13:06.718;Бензин;8
OPERATION;157;EXPENSE;10;8134,00;2026-03-16 01:13:06.718;Коммунальные услуги;9
OPERATION;158;EXPENSE;10;8101,00;2026-03-16 01:13:06.718;Коммунальные услуги;9
OPERATION;159;EXPENSE;9;1867,00;2026-03-16 01:13:06.718;Метро;8
OPERATION;160;EXPENSE;8;2415,00;2026-03-16 01:13:06.718;Продукты;6
OPERATION;161;INCOME;3;117923,00;2026-03-16 01:13:06.718;Зарплата за November 2021;1
OPERATION;162;INCOME;1;123245,00;2026-03-16 01:13:06.719;Зарплата за November 2021;1
OPERATION;163;EXPENSE;6;1389,00;2026-03-16 01:13:06.719;Бензин;8
OPERATION;164;EXPENSE;6;1794,00;2026-03-16 01:13:06.719;Такси;8
OPERATION;165;INCOME;5;45504,00;2026-03-16 01:13:06.719;Премия;2
OPERATION;166;EXPENSE;3;4760,00;2026-03-16 01:13:06.719;Кофе;7
OPERATION;167;EXPENSE;8;5708,00;2026-03-16 01:13:06.719;Продукты;6
OPERATION;168;EXPENSE;8;5675,00;2026-03-16 01:13:06.719;Продукты;6
OPERATION;169;EXPENSE;10;882,00;2026-03-16 01:13:06.719;Бензин;8
OPERATION;170;INCOME;3;104653,00;2026-03-16 01:13:06.719;Зарплата за November 2021;1
OPERATION;171;INCOME;4;46093,00;2026-03-16 01:13:06.719;Премия;2
OPERATION;172;EXPENSE;6;9724,00;2026-03-16 01:13:06.719;Коммунальные услуги;9
OPERATION;173;EXPENSE;10;1511,00;2026-03-16 01:13:06.719;Метро;8
OPERATION;174;EXPENSE;2;2169,00;2026-03-16 01:13:06.719;Коммунальные услуги;9
OPERATION;175;INCOME;2;49471,00;2026-03-16 01:13:06.719;Премия;2
OPERATION;176;INCOME;4;111564,00;2026-03-16 01:13:06.719;Зарплата за December 2021;1
OPERATION;177;EXPENSE;5;922,00;2026-03-16 01:13:06.719;Продукты;6
OPERATION;178;EXPENSE;5;679,00;2026-03-16 01:13:06.719;Продукты;6
OPERATION;179;INCOME;5;121130,00;2026-03-16 01:13:06.719;Зарплата за December 2021;1
OPERATION;180;INCOME;10;121248,00;2026-03-16 01:13:06.719;Зарплата за December 2021;1
OPERATION;181;EXPENSE;4;1752,00;2026-03-16 01:13:06.719;Бензин;8
OPERATION;182;INCOME;8;22786,00;2026-03-16 01:13:06.719;Премия;2
OPERATION;183;EXPENSE;4;5547,00;2026-03-16 01:13:06.719;Продукты;6
OPERATION;184;INCOME;8;34736,00;2026-03-16 01:13:06.719;Зарплата за December 2021;1
OPERATION;185;EXPENSE;9;733,00;2026-03-16 01:13:06.719;Кофе;7
OPERATION;186;EXPENSE;1;5806,00;2026-03-16 01:13:06.719;Концерт;10
OPERATION;187;INCOME;6;107636,00;2026-03-16 01:13:06.719;Зарплата за December 2021;1
OPERATION;188;EXPENSE;7;856,00;2026-03-16 01:13:06.719;Метро;8
OPERATION;189;INCOME;9;2279,00;2026-03-16 01:13:06.719;Кэшбэк;3
OPERATION;190;EXPENSE;9;6334,00;2026-03-16 01:13:06.719;Коммунальные услуги;9
OPERATION;191;EXPENSE;10;1488,00;2026-03-16 01:13:06.719;Такси;8
OPERATION;192;EXPENSE;10;4563,00;2026-03-16 01:13:06.719;Кино;10
OPERATION;193;EXPENSE;2;6859,00;2026-03-16 01:13:06.719;Продукты;6
OPERATION;194;EXPENSE;10;9617,00;2026-03-16 01:13:06.719;Коммунальные услуги;9
OPERATION;195;EXPENSE;2;9173,00;2026-03-16 01:13:06.719;Коммунальные услуги;9
OPERATION;196;EXPENSE;3;1623,00;2026-03-16 01:13:06.719;Бензин;8
OPERATION;197;INCOME;3;97360,00;2026-03-16 01:13:06.719;Зарплата за January 2022;1
OPERATION;198;INCOME;2;107924,00;2026-03-16 01:13:06.719;Зарплата за January 2022;1
OPERATION;199;EXPENSE;4;2499,00;2026-03-16 01:13:06.719;Коммунальные услуги;9
OPERATION;200;EXPENSE;8;1670,00;2026-03-16 01:13:06.719;Обед;7
OPERATION;201;EXPENSE;5;1773,00;2026-03-16 01:13:06.719;Обед;7
OPERATION;202;EXPENSE;8;2174,00;2026-03-16 01:13:06.719;Коммунальные услуги;9
OPERATION;203;EXPENSE;3;4131,00;2026-03-16 01:13:06.719;Обед;7
OPERATION;204;INCOME;8;144467,00;2026-03-16 01:13:06.719;Зарплата за January 2022;1
OPERATION;205;EXPENSE;1;8037,00;2026-03-16 01:13:06.719;Коммунальные услуги;9
OPERATION;206;EXPENSE;2;6335,00;2026-03-16 01:13:06.719;Продукты;6
OPERATION;207;EXPENSE;10;3553,00;2026-03-16 01:13:06.719;Обед;7
OPERATION;208;INCOME;2;39196,00;2026-03-16 01:13:06.719;Премия;2
OPERATION;209;EXPENSE;8;1740,00;2026-03-16 01:13:06.719;Продукты;6
OPERATION;210;INCOME;10;22892,00;2026-03-16 01:13:06.719;Премия;2
OPERATION;211;EXPENSE;10;9938,00;2026-03-16 01:13:06.719;Коммунальные услуги;9
OPERATION;212;EXPENSE;3;2000,00;2026-03-16 01:13:06.719;Кино;10
OPERATION;213;INCOME;1;31478,00;2026-03-16 01:13:06.719;Зарплата за February 2022;1
OPERATION;214;EXPENSE;10;1264,00;2026-03-16 01:13:06.719;Метро;8
OPERATION;215;INCOME;5;24720,00;2026-03-16 01:13:06.719;Премия;2
OPERATION;216;EXPENSE;3;9227,00;2026-03-16 01:13:06.719;Коммунальные услуги;9
OPERATION;217;INCOME;9;103883,00;2026-03-16 01:13:06.719;Зарплата за February 2022;1
OPERATION;218;EXPENSE;4;7562,00;2026-03-16 01:13:06.719;Коммунальные услуги;9
OPERATION;219;EXPENSE;7;2273,00;2026-03-16 01:13:06.719;Кино;10
OPERATION;220;EXPENSE;6;3169,00;2026-03-16 01:13:06.719;Коммунальные услуги;9
OPERATION;221;EXPENSE;6;3320,00;2026-03-16 01:13:06.719;Кофе;7
OPERATION;222;EXPENSE;10;4387,00;2026-03-16 01:13:06.719;Коммунальные услуги;9
OPERATION;223;INCOME;10;39059,00;2026-03-16 01:13:06.719;Премия;2
OPERATION;224;EXPENSE;6;2340,00;2026-03-16 01:13:06.719;Хобби;10
OPERATION;225;EXPENSE;6;2558,00;2026-03-16 01:13:06.719;Продукты;6
OPERATION;226;EXPENSE;5;4343,00;2026-03-16 01:13:06.719;Коммунальные услуги;9
OPERATION;227;EXPENSE;10;937,00;2026-03-16 01:13:06.719;Продукты;6
OPERATION;228;EXPENSE;2;5481,00;2026-03-16 01:13:06.719;Коммунальные услуги;9
OPERATION;229;EXPENSE;8;4598,00;2026-03-16 01:13:06.720;Коммунальные услуги;9
OPERATION;230;EXPENSE;4;3888,00;2026-03-16 01:13:06.720;Продукты;6
OPERATION;231;INCOME;8;144900,00;2026-03-16 01:13:06.720;Зарплата за March 2022;1
OPERATION;232;EXPENSE;7;1421,00;2026-03-16 01:13:06.720;Бензин;8
OPERATION;233;INCOME;4;147624,00;2026-03-16 01:13:06.720;Зарплата за March 2022;1
OPERATION;234;EXPENSE;6;3850,00;2026-03-16 01:13:06.720;Коммунальные услуги;9
OPERATION;235;EXPENSE;5;6696,00;2026-03-16 01:13:06.720;Коммунальные услуги;9
OPERATION;236;EXPENSE;9;1466,00;2026-03-16 01:13:06.720;Такси;8
OPERATION;237;EXPENSE;1;1496,00;2026-03-16 01:13:06.720;Кино;10
OPERATION;238;INCOME;3;68231,00;2026-03-16 01:13:06.720;Зарплата за March 2022;1
OPERATION;239;INCOME;7;109883,00;2026-03-16 01:13:06.720;Зарплата за March 2022;1
OPERATION;240;INCOME;7;2509,00;2026-03-16 01:13:06.720;Кэшбэк;3
OPERATION;241;EXPENSE;1;8741,00;2026-03-16 01:13:06.720;Коммунальные услуги;9
OPERATION;242;EXPENSE;7;5852,00;2026-03-16 01:13:06.720;Коммунальные услуги;9
OPERATION;243;EXPENSE;9;842,00;2026-03-16 01:13:06.720;Метро;8
OPERATION;244;EXPENSE;5;8445,00;2026-03-16 01:13:06.720;Коммунальные услуги;9
OPERATION;245;INCOME;7;29901,00;2026-03-16 01:13:06.720;Премия;2
OPERATION;246;EXPENSE;8;1598,00;2026-03-16 01:13:06.720;Ужин;7
OPERATION;247;EXPENSE;6;817,00;2026-03-16 01:13:06.720;Бензин;8
OPERATION;248;EXPENSE;1;7883,00;2026-03-16 01:13:06.720;Продукты;6
OPERATION;249;INCOME;10;40871,00;2026-03-16 01:13:06.720;Зарплата за April 2022;1
OPERATION;250;INCOME;3;32199,00;2026-03-16 01:13:06.720;Премия;2
OPERATION;251;EXPENSE;6;2337,00;2026-03-16 01:13:06.720;Продукты;6
OPERATION;252;INCOME;2;44760,00;2026-03-16 01:13:06.720;Зарплата за April 2022;1
OPERATION;253;INCOME;5;113807,00;2026-03-16 01:13:06.720;Зарплата за April 2022;1
OPERATION;254;INCOME;5;36311,00;2026-03-16 01:13:06.720;Зарплата за April 2022;1
OPERATION;255;EXPENSE;3;607,00;2026-03-16 01:13:06.720;Бензин;8
OPERATION;256;EXPENSE;10;2810,00;2026-03-16 01:13:06.720;Коммунальные услуги;9
OPERATION;257;INCOME;5;56831,00;2026-03-16 01:13:06.720;Зарплата за April 2022;1
OPERATION;258;EXPENSE;6;6009,00;2026-03-16 01:13:06.720;Продукты;6
OPERATION;259;INCOME;10;26890,00;2026-03-16 01:13:06.720;Премия;2
OPERATION;260;EXPENSE;6;3261,00;2026-03-16 01:13:06.720;Хобби;10
OPERATION;261;EXPENSE;9;6408,00;2026-03-16 01:13:06.720;Хобби;10
OPERATION;262;EXPENSE;6;2030,00;2026-03-16 01:13:06.720;Кофе;7
OPERATION;263;EXPENSE;1;2527,00;2026-03-16 01:13:06.720;Концерт;10
OPERATION;264;EXPENSE;4;4688,00;2026-03-16 01:13:06.720;Концерт;10
OPERATION;265;EXPENSE;6;6629,00;2026-03-16 01:13:06.720;Коммунальные услуги;9
OPERATION;266;INCOME;3;44965,00;2026-03-16 01:13:06.720;Премия;2
OPERATION;267;INCOME;3;7395,00;2026-03-16 01:13:06.720;Премия;2
OPERATION;268;EXPENSE;10;6697,00;2026-03-16 01:13:06.720;Коммунальные услуги;9
OPERATION;269;EXPENSE;7;1960,00;2026-03-16 01:13:06.720;Метро;8
OPERATION;270;EXPENSE;6;7737,00;2026-03-16 01:13:06.720;Коммунальные услуги;9
OPERATION;271;INCOME;6;12759,00;2026-03-16 01:13:06.720;Премия;2
OPERATION;272;INCOME;5;1861,00;2026-03-16 01:13:06.720;Кэшбэк;3
OPERATION;273;INCOME;8;24328,00;2026-03-16 01:13:06.720;Премия;2
OPERATION;274;EXPENSE;5;1918,00;2026-03-16 01:13:06.720;Бензин;8
OPERATION;275;EXPENSE;7;5551,00;2026-03-16 01:13:06.720;Продукты;6
OPERATION;276;EXPENSE;3;9250,00;2026-03-16 01:13:06.720;Коммунальные услуги;9
OPERATION;277;INCOME;1;1703,00;2026-03-16 01:13:06.720;Кэшбэк;3
OPERATION;278;EXPENSE;8;1510,00;2026-03-16 01:13:06.720;Такси;8
OPERATION;279;INCOME;9;2871,00;2026-03-16 01:13:06.720;Кэшбэк;3
OPERATION;280;EXPENSE;10;4740,00;2026-03-16 01:13:06.720;Кофе;7
OPERATION;281;EXPENSE;1;1801,00;2026-03-16 01:13:06.720;Продукты;6
OPERATION;282;EXPENSE;9;288,00;2026-03-16 01:13:06.720;Метро;8
OPERATION;283;EXPENSE;2;3600,00;2026-03-16 01:13:06.720;Обед;7
OPERATION;284;INCOME;2;116000,00;2026-03-16 01:13:06.720;Зарплата за June 2022;1
OPERATION;285;EXPENSE;6;5273,00;2026-03-16 01:13:06.720;Хобби;10
OPERATION;286;EXPENSE;8;695,00;2026-03-16 01:13:06.720;Метро;8
OPERATION;287;EXPENSE;8;2537,00;2026-03-16 01:13:06.720;Продукты;6
OPERATION;288;EXPENSE;8;1614,00;2026-03-16 01:13:06.720;Продукты;6
OPERATION;289;EXPENSE;3;744,00;2026-03-16 01:13:06.720;Метро;8
OPERATION;290;EXPENSE;1;5013,00;2026-03-16 01:13:06.720;Хобби;10
OPERATION;291;EXPENSE;5;1689,00;2026-03-16 01:13:06.720;Продукты;6
OPERATION;292;INCOME;6;87832,00;2026-03-16 01:13:06.720;Зарплата за June 2022;1
OPERATION;293;EXPENSE;1;2809,00;2026-03-16 01:13:06.720;Продукты;6
OPERATION;294;EXPENSE;9;1918,00;2026-03-16 01:13:06.720;Метро;8
OPERATION;295;EXPENSE;4;7902,00;2026-03-16 01:13:06.720;Коммунальные услуги;9
OPERATION;296;EXPENSE;10;2061,00;2026-03-16 01:13:06.720;Коммунальные услуги;9
OPERATION;297;INCOME;10;93242,00;2026-03-16 01:13:06.720;Зарплата за July 2022;1
OPERATION;298;INCOME;5;44971,00;2026-03-16 01:13:06.720;Премия;2
OPERATION;299;INCOME;5;64796,00;2026-03-16 01:13:06.720;Зарплата за July 2022;1
OPERATION;300;EXPENSE;10;3109,00;2026-03-16 01:13:06.720;Концерт;10
OPERATION;301;EXPENSE;5;1172,00;2026-03-16 01:13:06.720;Такси;8
OPERATION;302;EXPENSE;1;317,00;2026-03-16 01:13:06.720;Обед;7
OPERATION;303;EXPENSE;4;158,00;2026-03-16 01:13:06.720;Такси;8
OPERATION;304;EXPENSE;6;416,00;2026-03-16 01:13:06.720;Метро;8
OPERATION;305;INCOME;10;94983,00;2026-03-16 01:13:06.720;Зарплата за July 2022;1
OPERATION;306;EXPENSE;4;1977,00;2026-03-16 01:13:06.720;Такси;8
OPERATION;307;EXPENSE;6;5806,00;2026-03-16 01:13:06.720;Кино;10
OPERATION;308;EXPENSE;2;6399,00;2026-03-16 01:13:06.720;Продукты;6
OPERATION;309;EXPENSE;5;9606,00;2026-03-16 01:13:06.720;Коммунальные услуги;9
OPERATION;310;INCOME;2;19350,00;2026-03-16 01:13:06.720;Премия;2
OPERATION;311;EXPENSE;8;5706,00;2026-03-16 01:13:06.720;Кино;10
OPERATION;312;INCOME;9;45862,00;2026-03-16 01:13:06.720;Зарплата за July 2022;1
OPERATION;313;EXPENSE;2;4742,00;2026-03-16 01:13:06.720;Кофе;7
OPERATION;314;EXPENSE;6;1631,00;2026-03-16 01:13:06.720;Обед;7
OPERATION;315;EXPENSE;6;576,00;2026-03-16 01:13:06.720;Метро;8
OPERATION;316;INCOME;2;133226,00;2026-03-16 01:13:06.720;Зарплата за August 2022;1
OPERATION;317;EXPENSE;9;2299,00;2026-03-16 01:13:06.720;Продукты;6
OPERATION;318;INCOME;5;128461,00;2026-03-16 01:13:06.720;Зарплата за August 2022;1
OPERATION;319;EXPENSE;2;5237,00;2026-03-16 01:13:06.720;Хобби;10
OPERATION;320;INCOME;1;62826,00;2026-03-16 01:13:06.720;Зарплата за August 2022;1
OPERATION;321;INCOME;6;47987,00;2026-03-16 01:13:06.720;Премия;2
OPERATION;322;EXPENSE;9;480,00;2026-03-16 01:13:06.720;Такси;8
OPERATION;323;EXPENSE;2;3055,00;2026-03-16 01:13:06.720;Обед;7
OPERATION;324;EXPENSE;4;7827,00;2026-03-16 01:13:06.720;Продукты;6
OPERATION;325;INCOME;10;81803,00;2026-03-16 01:13:06.720;Зарплата за August 2022;1
OPERATION;326;INCOME;10;126390,00;2026-03-16 01:13:06.720;Зарплата за August 2022;1
OPERATION;327;INCOME;3;95198,00;2026-03-16 01:13:06.720;Зарплата за August 2022;1
OPERATION;328;EXPENSE;6;7332,00;2026-03-16 01:13:06.721;Продукты;6
OPERATION;329;EXPENSE;1;5002,00;2026-03-16 01:13:06.721;Коммунальные услуги;9
OPERATION;330;EXPENSE;7;5347,00;2026-03-16 01:13:06.721;Продукты;6
OPERATION;331;EXPENSE;1;4391,00;2026-03-16 01:13:06.721;Продукты;6
OPERATION;332;INCOME;7;104646,00;2026-03-16 01:13:06.721;Зарплата за August 2022;1
OPERATION;333;EXPENSE;5;4376,00;2026-03-16 01:13:06.721;Ужин;7
OPERATION;334;EXPENSE;7;830,00;2026-03-16 01:13:06.721;Кофе;7
OPERATION;335;INCOME;2;108289,00;2026-03-16 01:13:06.721;Зарплата за August 2022;1
OPERATION;336;INCOME;3;16679,00;2026-03-16 01:13:06.721;Премия;2
OPERATION;337;EXPENSE;6;7521,00;2026-03-16 01:13:06.721;Продукты;6
OPERATION;338;EXPENSE;2;1013,00;2026-03-16 01:13:06.721;Бензин;8
OPERATION;339;INCOME;8;28396,00;2026-03-16 01:13:06.721;Премия;2
OPERATION;340;EXPENSE;2;1971,00;2026-03-16 01:13:06.721;Такси;8
OPERATION;341;EXPENSE;3;1145,00;2026-03-16 01:13:06.721;Кино;10
OPERATION;342;EXPENSE;5;4540,00;2026-03-16 01:13:06.721;Кофе;7
OPERATION;343;EXPENSE;5;4737,00;2026-03-16 01:13:06.721;Обед;7
OPERATION;344;EXPENSE;8;3681,00;2026-03-16 01:13:06.721;Продукты;6
OPERATION;345;INCOME;2;39721,00;2026-03-16 01:13:06.721;Зарплата за September 2022;1
OPERATION;346;EXPENSE;7;4809,00;2026-03-16 01:13:06.721;Коммунальные услуги;9
OPERATION;347;EXPENSE;8;4516,00;2026-03-16 01:13:06.721;Продукты;6
OPERATION;348;EXPENSE;10;3493,00;2026-03-16 01:13:06.721;Кофе;7
OPERATION;349;EXPENSE;7;2405,00;2026-03-16 01:13:06.721;Коммунальные услуги;9
OPERATION;350;INCOME;5;1863,00;2026-03-16 01:13:06.721;Кэшбэк;3
OPERATION;351;EXPENSE;5;4252,00;2026-03-16 01:13:06.721;Продукты;6
OPERATION;352;INCOME;2;12416,00;2026-03-16 01:13:06.721;Премия;2
OPERATION;353;INCOME;4;118516,00;2026-03-16 01:13:06.721;Зарплата за September 2022;1
OPERATION;354;EXPENSE;1;321,00;2026-03-16 01:13:06.721;Бензин;8
OPERATION;355;EXPENSE;3;579,00;2026-03-16 01:13:06.721;Метро;8
OPERATION;356;EXPENSE;7;3795,00;2026-03-16 01:13:06.721;Кино;10
OPERATION;357;EXPENSE;5;2843,00;2026-03-16 01:13:06.721;Хобби;10
OPERATION;358;EXPENSE;8;1283,00;2026-03-16 01:13:06.721;Продукты;6
OPERATION;359;INCOME;7;946,00;2026-03-16 01:13:06.721;Кэшбэк;3
OPERATION;360;EXPENSE;4;6889,00;2026-03-16 01:13:06.721;Концерт;10
OPERATION;361;EXPENSE;10;7506,00;2026-03-16 01:13:06.721;Коммунальные услуги;9
OPERATION;362;EXPENSE;3;2092,00;2026-03-16 01:13:06.721;Продукты;6
OPERATION;363;INCOME;7;22138,00;2026-03-16 01:13:06.721;Премия;2
OPERATION;364;EXPENSE;3;8652,00;2026-03-16 01:13:06.721;Коммунальные услуги;9
OPERATION;365;EXPENSE;3;3367,00;2026-03-16 01:13:06.721;Продукты;6
OPERATION;366;EXPENSE;5;3198,00;2026-03-16 01:13:06.721;Обед;7
OPERATION;367;EXPENSE;2;1189,00;2026-03-16 01:13:06.721;Обед;7
OPERATION;368;EXPENSE;1;2576,00;2026-03-16 01:13:06.721;Хобби;10
OPERATION;369;EXPENSE;3;6042,00;2026-03-16 01:13:06.721;Продукты;6
OPERATION;370;EXPENSE;7;1378,00;2026-03-16 01:13:06.721;Обед;7
OPERATION;371;INCOME;10;18408,00;2026-03-16 01:13:06.721;Премия;2
OPERATION;372;EXPENSE;3;7000,00;2026-03-16 01:13:06.721;Продукты;6
OPERATION;373;EXPENSE;3;1534,00;2026-03-16 01:13:06.721;Ужин;7
OPERATION;374;EXPENSE;5;1312,00;2026-03-16 01:13:06.721;Метро;8
OPERATION;375;INCOME;3;129606,00;2026-03-16 01:13:06.721;Зарплата за November 2022;1
OPERATION;376;EXPENSE;9;3530,00;2026-03-16 01:13:06.721;Кофе;7
OPERATION;377;EXPENSE;4;3674,00;2026-03-16 01:13:06.721;Коммунальные услуги;9
OPERATION;378;INCOME;7;61481,00;2026-03-16 01:13:06.721;Зарплата за November 2022;1
OPERATION;379;INCOME;9;140955,00;2026-03-16 01:13:06.721;Зарплата за November 2022;1
OPERATION;380;EXPENSE;9;8299,00;2026-03-16 01:13:06.721;Коммунальные услуги;9
OPERATION;381;INCOME;7;127181,00;2026-03-16 01:13:06.721;Зарплата за November 2022;1
OPERATION;382;EXPENSE;9;6109,00;2026-03-16 01:13:06.721;Продукты;6
OPERATION;383;EXPENSE;10;1298,00;2026-03-16 01:13:06.721;Такси;8
OPERATION;384;EXPENSE;4;2601,00;2026-03-16 01:13:06.721;Кофе;7
OPERATION;385;EXPENSE;3;549,00;2026-03-16 01:13:06.721;Ужин;7
OPERATION;386;EXPENSE;6;1426,00;2026-03-16 01:13:06.721;Бензин;8
OPERATION;387;EXPENSE;10;3373,00;2026-03-16 01:13:06.721;Продукты;6
OPERATION;388;INCOME;5;37777,00;2026-03-16 01:13:06.721;Зарплата за December 2022;1
OPERATION;389;INCOME;4;82695,00;2026-03-16 01:13:06.721;Зарплата за December 2022;1
OPERATION;390;EXPENSE;6;7293,00;2026-03-16 01:13:06.721;Продукты;6
OPERATION;391;INCOME;9;34293,00;2026-03-16 01:13:06.721;Премия;2
OPERATION;392;INCOME;4;131524,00;2026-03-16 01:13:06.721;Зарплата за December 2022;1
OPERATION;393;INCOME;9;140977,00;2026-03-16 01:13:06.721;Зарплата за December 2022;1
OPERATION;394;INCOME;1;14516,00;2026-03-16 01:13:06.721;Премия;2
OPERATION;395;EXPENSE;10;6426,00;2026-03-16 01:13:06.721;Концерт;10
OPERATION;396;EXPENSE;6;1207,00;2026-03-16 01:13:06.721;Такси;8
OPERATION;397;EXPENSE;4;866,00;2026-03-16 01:13:06.721;Бензин;8
OPERATION;398;EXPENSE;8;9669,00;2026-03-16 01:13:06.721;Коммунальные услуги;9
OPERATION;399;INCOME;8;134903,00;2026-03-16 01:13:06.721;Зарплата за December 2022;1
OPERATION;400;INCOME;1;43988,00;2026-03-16 01:13:06.721;Зарплата за December 2022;1
OPERATION;401;INCOME;3;46726,00;2026-03-16 01:13:06.721;Зарплата за January 2023;1
OPERATION;402;EXPENSE;4;3937,00;2026-03-16 01:13:06.722;Кино;10
OPERATION;403;EXPENSE;6;2122,00;2026-03-16 01:13:06.722;Кино;10
OPERATION;404;INCOME;5;137001,00;2026-03-16 01:13:06.722;Зарплата за January 2023;1
OPERATION;405;EXPENSE;3;845,00;2026-03-16 01:13:06.722;Ужин;7
OPERATION;406;EXPENSE;8;653,00;2026-03-16 01:13:06.722;Метро;8
OPERATION;407;EXPENSE;7;3279,00;2026-03-16 01:13:06.722;Ужин;7
OPERATION;408;EXPENSE;5;1491,00;2026-03-16 01:13:06.722;Такси;8
OPERATION;409;INCOME;10;100123,00;2026-03-16 01:13:06.722;Зарплата за January 2023;1
OPERATION;410;INCOME;5;39648,00;2026-03-16 01:13:06.722;Зарплата за January 2023;1
OPERATION;411;EXPENSE;4;2700,00;2026-03-16 01:13:06.722;Хобби;10
OPERATION;412;INCOME;10;11026,00;2026-03-16 01:13:06.722;Премия;2
OPERATION;413;INCOME;6;143745,00;2026-03-16 01:13:06.722;Зарплата за January 2023;1
OPERATION;414;EXPENSE;3;8067,00;2026-03-16 01:13:06.722;Коммунальные услуги;9
OPERATION;415;EXPENSE;4;1179,00;2026-03-16 01:13:06.722;Продукты;6
OPERATION;416;EXPENSE;8;1262,00;2026-03-16 01:13:06.722;Продукты;6
OPERATION;417;INCOME;9;15062,00;2026-03-16 01:13:06.722;Премия;2
OPERATION;418;EXPENSE;5;7888,00;2026-03-16 01:13:06.722;Продукты;6
OPERATION;419;INCOME;7;130455,00;2026-03-16 01:13:06.722;Зарплата за February 2023;1
OPERATION;420;EXPENSE;10;1121,00;2026-03-16 01:13:06.722;Бензин;8
OPERATION;421;EXPENSE;3;1817,00;2026-03-16 01:13:06.722;Бензин;8
OPERATION;422;EXPENSE;9;4144,00;2026-03-16 01:13:06.722;Коммунальные услуги;9
OPERATION;423;INCOME;6;1328,00;2026-03-16 01:13:06.722;Кэшбэк;3
OPERATION;424;EXPENSE;3;3597,00;2026-03-16 01:13:06.722;Коммунальные услуги;9
OPERATION;425;EXPENSE;8;3982,00;2026-03-16 01:13:06.722;Кофе;7
OPERATION;426;EXPENSE;3;5729,00;2026-03-16 01:13:06.722;Концерт;10
OPERATION;427;INCOME;2;122191,00;2026-03-16 01:13:06.722;Зарплата за February 2023;1
OPERATION;428;EXPENSE;3;2224,00;2026-03-16 01:13:06.722;Коммунальные услуги;9
OPERATION;429;EXPENSE;3;7867,00;2026-03-16 01:13:06.722;Коммунальные услуги;9
OPERATION;430;EXPENSE;7;4364,00;2026-03-16 01:13:06.722;Коммунальные услуги;9
OPERATION;431;EXPENSE;3;3826,00;2026-03-16 01:13:06.722;Хобби;10
OPERATION;432;INCOME;7;45646,00;2026-03-16 01:13:06.722;Премия;2
OPERATION;433;INCOME;3;24387,00;2026-03-16 01:13:06.722;Премия;2
OPERATION;434;EXPENSE;2;1240,00;2026-03-16 01:13:06.722;Бензин;8
OPERATION;435;EXPENSE;4;767,00;2026-03-16 01:13:06.722;Кофе;7
OPERATION;436;EXPENSE;7;4595,00;2026-03-16 01:13:06.722;Обед;7
OPERATION;437;INCOME;10;37456,00;2026-03-16 01:13:06.722;Зарплата за March 2023;1
OPERATION;438;EXPENSE;10;2275,00;2026-03-16 01:13:06.722;Коммунальные услуги;9
OPERATION;439;INCOME;7;137261,00;2026-03-16 01:13:06.722;Зарплата за March 2023;1
OPERATION;440;INCOME;8;137120,00;2026-03-16 01:13:06.722;Зарплата за March 2023;1
OPERATION;441;EXPENSE;1;261,00;2026-03-16 01:13:06.722;Такси;8
OPERATION;442;EXPENSE;1;4175,00;2026-03-16 01:13:06.722;Продукты;6
OPERATION;443;EXPENSE;6;4391,00;2026-03-16 01:13:06.722;Хобби;10
OPERATION;444;EXPENSE;1;964,00;2026-03-16 01:13:06.722;Продукты;6
OPERATION;445;INCOME;4;117691,00;2026-03-16 01:13:06.722;Зарплата за March 2023;1
OPERATION;446;EXPENSE;5;5241,00;2026-03-16 01:13:06.722;Хобби;10
OPERATION;447;EXPENSE;7;5435,00;2026-03-16 01:13:06.722;Кино;10
OPERATION;448;EXPENSE;7;3539,00;2026-03-16 01:13:06.722;Кофе;7
OPERATION;449;INCOME;4;86535,00;2026-03-16 01:13:06.722;Зарплата за March 2023;1
OPERATION;450;EXPENSE;2;982,00;2026-03-16 01:13:06.722;Такси;8
OPERATION;451;EXPENSE;2;647,00;2026-03-16 01:13:06.722;Обед;7
OPERATION;452;EXPENSE;3;1229,00;2026-03-16 01:13:06.722;Продукты;6
OPERATION;453;INCOME;6;16159,00;2026-03-16 01:13:06.722;Премия;2
OPERATION;454;EXPENSE;1;3597,00;2026-03-16 01:13:06.722;Хобби;10
OPERATION;455;EXPENSE;4;4618,00;2026-03-16 01:13:06.722;Концерт;10
OPERATION;456;EXPENSE;8;6426,00;2026-03-16 01:13:06.722;Коммунальные услуги;9
OPERATION;457;INCOME;8;35026,00;2026-03-16 01:13:06.722;Премия;2
OPERATION;458;EXPENSE;3;3892,00;2026-03-16 01:13:06.722;Кофе;7
OPERATION;459;INCOME;7;29333,00;2026-03-16 01:13:06.722;Премия;2
OPERATION;460;EXPENSE;9;1206,00;2026-03-16 01:13:06.722;Ужин;7
OPERATION;461;EXPENSE;1;5997,00;2026-03-16 01:13:06.722;Продукты;6
OPERATION;462;INCOME;1;108075,00;2026-03-16 01:13:06.722;Зарплата за April 2023;1
OPERATION;463;EXPENSE;3;981,00;2026-03-16 01:13:06.722;Метро;8
OPERATION;464;EXPENSE;8;1690,00;2026-03-16 01:13:06.722;Бензин;8
OPERATION;465;EXPENSE;1;6133,00;2026-03-16 01:13:06.722;Кино;10
OPERATION;466;EXPENSE;10;6131,00;2026-03-16 01:13:06.722;Концерт;10
OPERATION;467;INCOME;5;15823,00;2026-03-16 01:13:06.722;Премия;2
OPERATION;468;EXPENSE;1;6551,00;2026-03-16 01:13:06.722;Продукты;6
OPERATION;469;EXPENSE;2;6770,00;2026-03-16 01:13:06.722;Продукты;6
OPERATION;470;EXPENSE;5;8462,00;2026-03-16 01:13:06.722;Коммунальные услуги;9
OPERATION;471;INCOME;4;44650,00;2026-03-16 01:13:06.722;Зарплата за April 2023;1
OPERATION;472;EXPENSE;10;3162,00;2026-03-16 01:13:06.722;Продукты;6
OPERATION;473;EXPENSE;10;5302,00;2026-03-16 01:13:06.722;Продукты;6
OPERATION;474;EXPENSE;5;1314,00;2026-03-16 01:13:06.722;Бензин;8
OPERATION;475;EXPENSE;5;4027,00;2026-03-16 01:13:06.722;Кино;10
OPERATION;476;INCOME;2;99511,00;2026-03-16 01:13:06.722;Зарплата за May 2023;1
OPERATION;477;EXPENSE;3;468,00;2026-03-16 01:13:06.722;Метро;8
OPERATION;478;EXPENSE;7;7712,00;2026-03-16 01:13:06.722;Коммунальные услуги;9
OPERATION;479;INCOME;1;42236,00;2026-03-16 01:13:06.722;Премия;2
OPERATION;480;EXPENSE;7;2140,00;2026-03-16 01:13:06.722;Хобби;10
OPERATION;481;EXPENSE;1;2466,00;2026-03-16 01:13:06.722;Коммунальные услуги;9
OPERATION;482;INCOME;8;45380,00;2026-03-16 01:13:06.722;Зарплата за May 2023;1
OPERATION;483;EXPENSE;10;7183,00;2026-03-16 01:13:06.722;Коммунальные услуги;9
OPERATION;484;EXPENSE;3;1907,00;2026-03-16 01:13:06.722;Ужин;7
OPERATION;485;INCOME;1;95503,00;2026-03-16 01:13:06.722;Зарплата за May 2023;1
OPERATION;486;EXPENSE;6;3373,00;2026-03-16 01:13:06.722;Продукты;6
OPERATION;487;EXPENSE;3;6096,00;2026-03-16 01:13:06.722;Концерт;10
OPERATION;488;INCOME;5;33424,00;2026-03-16 01:13:06.722;Зарплата за May 2023;1
OPERATION;489;EXPENSE;7;902,00;2026-03-16 01:13:06.722;Продукты;6
OPERATION;490;INCOME;7;130633,00;2026-03-16 01:13:06.722;Зарплата за May 2023;1
OPERATION;491;INCOME;10;2120,00;2026-03-16 01:13:06.722;Кэшбэк;3
OPERATION;492;EXPENSE;8;2312,00;2026-03-16 01:13:06.722;Кофе;7
OPERATION;493;EXPENSE;10;1389,00;2026-03-16 01:13:06.722;Кофе;7
OPERATION;494;EXPENSE;5;2479,00;2026-03-16 01:13:06.722;Кино;10
OPERATION;495;EXPENSE;10;576,00;2026-03-16 01:13:06.722;Продукты;6
OPERATION;496;EXPENSE;2;312,00;2026-03-16 01:13:06.722;Обед;7
OPERATION;497;EXPENSE;10;6840,00;2026-03-16 01:13:06.722;Хобби;10
OPERATION;498;EXPENSE;9;1302,00;2026-03-16 01:13:06.722;Продукты;6
OPERATION;499;EXPENSE;3;2888,00;2026-03-16 01:13:06.722;Обед;7
OPERATION;500;EXPENSE;10;3453,00;2026-03-16 01:13:06.722;Ужин;7
OPERATION;501;EXPENSE;1;1278,00;2026-03-16 01:13:06.722;Кофе;7
OPERATION;502;INCOME;10;27335,00;2026-03-16 01:13:06.722;Премия;2
OPERATION;503;INCOME;10;11753,00;2026-03-16 01:13:06.722;Премия;2
OPERATION;504;EXPENSE;5;3643,00;2026-03-16 01:13:06.722;Продукты;6
OPERATION;505;EXPENSE;1;793,00;2026-03-16 01:13:06.722;Бензин;8
OPERATION;506;EXPENSE;2;5286,00;2026-03-16 01:13:06.722;Хобби;10
OPERATION;507;EXPENSE;5;6960,00;2026-03-16 01:13:06.722;Продукты;6
OPERATION;508;INCOME;10;108890,00;2026-03-16 01:13:06.722;Зарплата за June 2023;1
OPERATION;509;INCOME;10;45005,00;2026-03-16 01:13:06.722;Зарплата за June 2023;1
OPERATION;510;EXPENSE;2;5200,00;2026-03-16 01:13:06.723;Концерт;10
OPERATION;511;INCOME;8;26654,00;2026-03-16 01:13:06.723;Премия;2
OPERATION;512;EXPENSE;1;4412,00;2026-03-16 01:13:06.723;Кино;10
OPERATION;513;EXPENSE;7;9220,00;2026-03-16 01:13:06.723;Коммунальные услуги;9
OPERATION;514;EXPENSE;6;3314,00;2026-03-16 01:13:06.723;Концерт;10
OPERATION;515;EXPENSE;5;3616,00;2026-03-16 01:13:06.723;Обед;7
OPERATION;516;EXPENSE;6;1037,00;2026-03-16 01:13:06.723;Кино;10
OPERATION;517;EXPENSE;9;3454,00;2026-03-16 01:13:06.723;Обед;7
OPERATION;518;INCOME;10;115204,00;2026-03-16 01:13:06.723;Зарплата за July 2023;1
OPERATION;519;EXPENSE;5;4324,00;2026-03-16 01:13:06.723;Хобби;10
OPERATION;520;EXPENSE;3;6497,00;2026-03-16 01:13:06.723;Продукты;6
OPERATION;521;EXPENSE;1;2939,00;2026-03-16 01:13:06.723;Коммунальные услуги;9
OPERATION;522;EXPENSE;2;6825,00;2026-03-16 01:13:06.723;Кино;10
OPERATION;523;EXPENSE;5;1981,00;2026-03-16 01:13:06.723;Обед;7
OPERATION;524;EXPENSE;3;353,00;2026-03-16 01:13:06.723;Бензин;8
OPERATION;525;EXPENSE;2;1622,00;2026-03-16 01:13:06.723;Бензин;8
OPERATION;526;EXPENSE;6;2766,00;2026-03-16 01:13:06.723;Коммунальные услуги;9
OPERATION;527;EXPENSE;1;6974,00;2026-03-16 01:13:06.723;Кино;10
OPERATION;528;INCOME;6;97754,00;2026-03-16 01:13:06.723;Зарплата за July 2023;1
OPERATION;529;EXPENSE;4;571,00;2026-03-16 01:13:06.723;Такси;8
OPERATION;530;INCOME;6;127899,00;2026-03-16 01:13:06.723;Зарплата за July 2023;1
OPERATION;531;EXPENSE;5;420,00;2026-03-16 01:13:06.723;Такси;8
OPERATION;532;INCOME;7;18121,00;2026-03-16 01:13:06.723;Премия;2
OPERATION;533;INCOME;1;42447,00;2026-03-16 01:13:06.723;Премия;2
OPERATION;534;EXPENSE;1;6028,00;2026-03-16 01:13:06.723;Продукты;6
OPERATION;535;EXPENSE;10;3109,00;2026-03-16 01:13:06.723;Коммунальные услуги;9
OPERATION;536;EXPENSE;7;3312,00;2026-03-16 01:13:06.723;Ужин;7
OPERATION;537;EXPENSE;8;4031,00;2026-03-16 01:13:06.723;Продукты;6
OPERATION;538;EXPENSE;3;1912,00;2026-03-16 01:13:06.723;Метро;8
OPERATION;539;EXPENSE;1;1458,00;2026-03-16 01:13:06.723;Кино;10
OPERATION;540;EXPENSE;3;1470,00;2026-03-16 01:13:06.723;Такси;8
OPERATION;541;EXPENSE;4;5137,00;2026-03-16 01:13:06.723;Коммунальные услуги;9
OPERATION;542;EXPENSE;6;2314,00;2026-03-16 01:13:06.723;Обед;7
OPERATION;543;EXPENSE;8;7125,00;2026-03-16 01:13:06.723;Продукты;6
OPERATION;544;EXPENSE;2;4830,00;2026-03-16 01:13:06.723;Кофе;7
OPERATION;545;EXPENSE;6;5222,00;2026-03-16 01:13:06.723;Кино;10
OPERATION;546;EXPENSE;3;5850,00;2026-03-16 01:13:06.723;Кино;10
OPERATION;547;EXPENSE;8;1507,00;2026-03-16 01:13:06.723;Метро;8
OPERATION;548;EXPENSE;4;2652,00;2026-03-16 01:13:06.723;Обед;7
OPERATION;549;EXPENSE;7;2029,00;2026-03-16 01:13:06.723;Коммунальные услуги;9
OPERATION;550;EXPENSE;3;7164,00;2026-03-16 01:13:06.723;Коммунальные услуги;9
OPERATION;551;EXPENSE;4;3447,00;2026-03-16 01:13:06.723;Кофе;7
OPERATION;552;INCOME;10;144167,00;2026-03-16 01:13:06.723;Зарплата за September 2023;1
OPERATION;553;EXPENSE;5;2227,00;2026-03-16 01:13:06.723;Обед;7
OPERATION;554;INCOME;9;48946,00;2026-03-16 01:13:06.723;Премия;2
OPERATION;555;EXPENSE;1;507,00;2026-03-16 01:13:06.723;Такси;8
OPERATION;556;INCOME;4;61417,00;2026-03-16 01:13:06.723;Зарплата за September 2023;1
OPERATION;557;EXPENSE;3;2802,00;2026-03-16 01:13:06.723;Коммунальные услуги;9
OPERATION;558;EXPENSE;9;1936,00;2026-03-16 01:13:06.723;Хобби;10
OPERATION;559;EXPENSE;6;6567,00;2026-03-16 01:13:06.723;Концерт;10
OPERATION;560;EXPENSE;9;3736,00;2026-03-16 01:13:06.723;Обед;7
OPERATION;561;INCOME;2;13691,00;2026-03-16 01:13:06.723;Премия;2
OPERATION;562;EXPENSE;5;5081,00;2026-03-16 01:13:06.723;Хобби;10
OPERATION;563;EXPENSE;1;3455,00;2026-03-16 01:13:06.723;Продукты;6
OPERATION;564;INCOME;8;47889,00;2026-03-16 01:13:06.723;Премия;2
OPERATION;565;EXPENSE;4;3946,00;2026-03-16 01:13:06.723;Хобби;10
OPERATION;566;EXPENSE;4;750,00;2026-03-16 01:13:06.723;Метро;8
OPERATION;567;EXPENSE;4;3543,00;2026-03-16 01:13:06.723;Кино;10
OPERATION;568;EXPENSE;7;6348,00;2026-03-16 01:13:06.723;Коммунальные услуги;9
OPERATION;569;INCOME;6;16928,00;2026-03-16 01:13:06.723;Премия;2
OPERATION;570;EXPENSE;2;3231,00;2026-03-16 01:13:06.723;Кино;10
OPERATION;571;EXPENSE;8;368,00;2026-03-16 01:13:06.723;Ужин;7
OPERATION;572;EXPENSE;8;1975,00;2026-03-16 01:13:06.723;Бензин;8
OPERATION;573;EXPENSE;3;8592,00;2026-03-16 01:13:06.723;Коммунальные услуги;9
OPERATION;574;EXPENSE;6;1166,00;2026-03-16 01:13:06.723;Кино;10
OPERATION;575;EXPENSE;7;3448,00;2026-03-16 01:13:06.723;Продукты;6
OPERATION;576;INCOME;5;143839,00;2026-03-16 01:13:06.723;Зарплата за October 2023;1
OPERATION;577;EXPENSE;1;2426,00;2026-03-16 01:13:06.723;Коммунальные услуги;9
OPERATION;578;EXPENSE;1;1616,00;2026-03-16 01:13:06.723;Такси;8
OPERATION;579;INCOME;8;78995,00;2026-03-16 01:13:06.723;Зарплата за November 2023;1
OPERATION;580;INCOME;6;133274,00;2026-03-16 01:13:06.723;Зарплата за November 2023;1
OPERATION;581;INCOME;5;60720,00;2026-03-16 01:13:06.723;Зарплата за November 2023;1
OPERATION;582;EXPENSE;3;482,00;2026-03-16 01:13:06.723;Такси;8
OPERATION;583;INCOME;7;117099,00;2026-03-16 01:13:06.723;Зарплата за November 2023;1
OPERATION;584;EXPENSE;10;1270,00;2026-03-16 01:13:06.723;Бензин;8
OPERATION;585;EXPENSE;9;1084,00;2026-03-16 01:13:06.723;Ужин;7
OPERATION;586;INCOME;1;21051,00;2026-03-16 01:13:06.723;Премия;2
OPERATION;587;EXPENSE;1;3126,00;2026-03-16 01:13:06.723;Кофе;7
OPERATION;588;EXPENSE;3;2947,00;2026-03-16 01:13:06.723;Кино;10
OPERATION;589;EXPENSE;10;2482,00;2026-03-16 01:13:06.723;Коммунальные услуги;9
OPERATION;590;INCOME;3;49613,00;2026-03-16 01:13:06.723;Премия;2
OPERATION;591;EXPENSE;3;4615,00;2026-03-16 01:13:06.723;Продукты;6
OPERATION;592;EXPENSE;7;694,00;2026-03-16 01:13:06.723;Бензин;8
OPERATION;593;EXPENSE;7;1917,00;2026-03-16 01:13:06.723;Ужин;7
OPERATION;594;EXPENSE;6;2003,00;2026-03-16 01:13:06.723;Коммунальные услуги;9
OPERATION;595;EXPENSE;9;3932,00;2026-03-16 01:13:06.723;Продукты;6
OPERATION;596;EXPENSE;7;3986,00;2026-03-16 01:13:06.723;Продукты;6
OPERATION;597;INCOME;4;25855,00;2026-03-16 01:13:06.723;Премия;2
OPERATION;598;INCOME;6;7116,00;2026-03-16 01:13:06.723;Премия;2
OPERATION;599;EXPENSE;8;1860,00;2026-03-16 01:13:06.723;Такси;8
OPERATION;600;EXPENSE;5;5345,00;2026-03-16 01:13:06.723;Продукты;6
OPERATION;601;EXPENSE;9;6105,00;2026-03-16 01:13:06.723;Продукты;6
OPERATION;602;EXPENSE;2;5284,00;2026-03-16 01:13:06.723;Продукты;6
OPERATION;603;EXPENSE;2;6407,00;2026-03-16 01:13:06.723;Коммунальные услуги;9
OPERATION;604;EXPENSE;8;5181,00;2026-03-16 01:13:06.723;Продукты;6
OPERATION;605;INCOME;6;64675,00;2026-03-16 01:13:06.723;Зарплата за January 2024;1
OPERATION;606;EXPENSE;8;487,00;2026-03-16 01:13:06.723;Кофе;7
OPERATION;607;INCOME;1;101050,00;2026-03-16 01:13:06.723;Зарплата за January 2024;1
OPERATION;608;EXPENSE;5;4498,00;2026-03-16 01:13:06.723;Коммунальные услуги;9
OPERATION;609;EXPENSE;9;1770,00;2026-03-16 01:13:06.723;Бензин;8
OPERATION;610;EXPENSE;10;8029,00;2026-03-16 01:13:06.723;Коммунальные услуги;9
OPERATION;611;EXPENSE;7;2292,00;2026-03-16 01:13:06.723;Обед;7
OPERATION;612;EXPENSE;5;1951,00;2026-03-16 01:13:06.723;Бензин;8
OPERATION;613;INCOME;9;28063,00;2026-03-16 01:13:06.723;Премия;2
OPERATION;614;EXPENSE;5;8282,00;2026-03-16 01:13:06.723;Коммунальные услуги;9
OPERATION;615;EXPENSE;5;1237,00;2026-03-16 01:13:06.723;Бензин;8
OPERATION;616;EXPENSE;5;4793,00;2026-03-16 01:13:06.723;Хобби;10
OPERATION;617;EXPENSE;5;6123,00;2026-03-16 01:13:06.723;Хобби;10
OPERATION;618;EXPENSE;1;5553,00;2026-03-16 01:13:06.723;Продукты;6
OPERATION;619;EXPENSE;1;7822,00;2026-03-16 01:13:06.723;Продукты;6
OPERATION;620;EXPENSE;3;496,00;2026-03-16 01:13:06.723;Обед;7
OPERATION;621;EXPENSE;7;2304,00;2026-03-16 01:13:06.723;Обед;7
OPERATION;622;EXPENSE;10;1591,00;2026-03-16 01:13:06.723;Метро;8
OPERATION;623;EXPENSE;5;7912,00;2026-03-16 01:13:06.723;Коммунальные услуги;9
OPERATION;624;EXPENSE;4;5877,00;2026-03-16 01:13:06.723;Коммунальные услуги;9
OPERATION;625;INCOME;5;9686,00;2026-03-16 01:13:06.723;Премия;2
OPERATION;626;INCOME;7;51058,00;2026-03-16 01:13:06.723;Зарплата за February 2024;1
OPERATION;627;EXPENSE;10;1227,00;2026-03-16 01:13:06.723;Хобби;10
OPERATION;628;INCOME;2;71894,00;2026-03-16 01:13:06.723;Зарплата за March 2024;1
OPERATION;629;EXPENSE;2;6027,00;2026-03-16 01:13:06.723;Коммунальные услуги;9
OPERATION;630;INCOME;1;109181,00;2026-03-16 01:13:06.723;Зарплата за March 2024;1
OPERATION;631;EXPENSE;7;3689,00;2026-03-16 01:13:06.723;Коммунальные услуги;9
OPERATION;632;INCOME;4;21928,00;2026-03-16 01:13:06.723;Премия;2
OPERATION;633;EXPENSE;3;4854,00;2026-03-16 01:13:06.723;Кино;10
OPERATION;634;EXPENSE;2;1766,00;2026-03-16 01:13:06.723;Такси;8
OPERATION;635;EXPENSE;3;7684,00;2026-03-16 01:13:06.723;Продукты;6
OPERATION;636;INCOME;9;1224,00;2026-03-16 01:13:06.723;Кэшбэк;3
OPERATION;637;EXPENSE;4;606,00;2026-03-16 01:13:06.723;Метро;8
OPERATION;638;INCOME;7;27771,00;2026-03-16 01:13:06.723;Премия;2
OPERATION;639;EXPENSE;2;2886,00;2026-03-16 01:13:06.723;Продукты;6
OPERATION;640;INCOME;6;58593,00;2026-03-16 01:13:06.723;Зарплата за March 2024;1
OPERATION;641;EXPENSE;6;2843,00;2026-03-16 01:13:06.723;Обед;7
OPERATION;642;EXPENSE;1;430,00;2026-03-16 01:13:06.723;Бензин;8
OPERATION;643;EXPENSE;10;557,00;2026-03-16 01:13:06.723;Обед;7
OPERATION;644;EXPENSE;9;7862,00;2026-03-16 01:13:06.723;Коммунальные услуги;9
OPERATION;645;INCOME;6;18317,00;2026-03-16 01:13:06.723;Премия;2
OPERATION;646;EXPENSE;2;3124,00;2026-03-16 01:13:06.723;Коммунальные услуги;9
OPERATION;647;INCOME;2;2147,00;2026-03-16 01:13:06.723;Кэшбэк;3
OPERATION;648;EXPENSE;7;2707,00;2026-03-16 01:13:06.723;Коммунальные услуги;9
OPERATION;649;INCOME;2;43404,00;2026-03-16 01:13:06.723;Премия;2
OPERATION;650;EXPENSE;6;1189,00;2026-03-16 01:13:06.723;Метро;8
OPERATION;651;EXPENSE;7;6345,00;2026-03-16 01:13:06.723;Коммунальные услуги;9
OPERATION;652;INCOME;1;25458,00;2026-03-16 01:13:06.723;Премия;2
OPERATION;653;INCOME;2;48919,00;2026-03-16 01:13:06.723;Зарплата за April 2024;1
OPERATION;654;INCOME;7;48180,00;2026-03-16 01:13:06.723;Премия;2
OPERATION;655;EXPENSE;10;3407,00;2026-03-16 01:13:06.723;Коммунальные услуги;9
OPERATION;656;EXPENSE;3;1838,00;2026-03-16 01:13:06.723;Метро;8
OPERATION;657;INCOME;1;100170,00;2026-03-16 01:13:06.723;Зарплата за April 2024;1
OPERATION;658;EXPENSE;1;1959,00;2026-03-16 01:13:06.723;Бензин;8
OPERATION;659;INCOME;6;2840,00;2026-03-16 01:13:06.723;Кэшбэк;3
OPERATION;660;EXPENSE;9;3787,00;2026-03-16 01:13:06.723;Коммунальные услуги;9
OPERATION;661;INCOME;8;8068,00;2026-03-16 01:13:06.723;Премия;2
OPERATION;662;EXPENSE;7;1310,00;2026-03-16 01:13:06.723;Продукты;6
OPERATION;663;INCOME;7;110191,00;2026-03-16 01:13:06.723;Зарплата за May 2024;1
OPERATION;664;EXPENSE;5;503,00;2026-03-16 01:13:06.723;Такси;8
OPERATION;665;INCOME;3;64658,00;2026-03-16 01:13:06.723;Зарплата за May 2024;1
OPERATION;666;INCOME;9;41732,00;2026-03-16 01:13:06.723;Зарплата за May 2024;1
OPERATION;667;EXPENSE;9;1935,00;2026-03-16 01:13:06.723;Такси;8
OPERATION;668;EXPENSE;5;2353,00;2026-03-16 01:13:06.723;Кино;10
OPERATION;669;INCOME;8;136152,00;2026-03-16 01:13:06.723;Зарплата за May 2024;1
OPERATION;670;EXPENSE;8;5703,00;2026-03-16 01:13:06.723;Коммунальные услуги;9
OPERATION;671;INCOME;10;49690,00;2026-03-16 01:13:06.723;Премия;2
OPERATION;672;EXPENSE;4;5561,00;2026-03-16 01:13:06.723;Коммунальные услуги;9
OPERATION;673;EXPENSE;3;3570,00;2026-03-16 01:13:06.723;Ужин;7
OPERATION;674;INCOME;9;115971,00;2026-03-16 01:13:06.723;Зарплата за June 2024;1
OPERATION;675;EXPENSE;9;7910,00;2026-03-16 01:13:06.723;Продукты;6
OPERATION;676;EXPENSE;3;5764,00;2026-03-16 01:13:06.723;Кино;10
OPERATION;677;EXPENSE;8;1349,00;2026-03-16 01:13:06.723;Метро;8
OPERATION;678;INCOME;4;41962,00;2026-03-16 01:13:06.723;Зарплата за June 2024;1
OPERATION;679;INCOME;3;40853,00;2026-03-16 01:13:06.723;Премия;2
OPERATION;680;EXPENSE;1;1466,00;2026-03-16 01:13:06.723;Такси;8
OPERATION;681;INCOME;9;2389,00;2026-03-16 01:13:06.723;Кэшбэк;3
OPERATION;682;EXPENSE;7;2704,00;2026-03-16 01:13:06.723;Обед;7
OPERATION;683;EXPENSE;4;4382,00;2026-03-16 01:13:06.723;Кофе;7
OPERATION;684;EXPENSE;3;2333,00;2026-03-16 01:13:06.723;Продукты;6
OPERATION;685;INCOME;8;100058,00;2026-03-16 01:13:06.723;Зарплата за June 2024;1
OPERATION;686;EXPENSE;6;9697,00;2026-03-16 01:13:06.723;Коммунальные услуги;9
OPERATION;687;EXPENSE;2;6557,00;2026-03-16 01:13:06.723;Продукты;6
OPERATION;688;EXPENSE;3;3091,00;2026-03-16 01:13:06.723;Кофе;7
OPERATION;689;INCOME;5;133088,00;2026-03-16 01:13:06.723;Зарплата за June 2024;1
OPERATION;690;EXPENSE;4;1567,00;2026-03-16 01:13:06.723;Такси;8
OPERATION;691;INCOME;2;39852,00;2026-03-16 01:13:06.723;Премия;2
OPERATION;692;EXPENSE;8;1648,00;2026-03-16 01:13:06.723;Такси;8
OPERATION;693;EXPENSE;7;8992,00;2026-03-16 01:13:06.723;Коммунальные услуги;9
OPERATION;694;EXPENSE;10;8179,00;2026-03-16 01:13:06.723;Коммунальные услуги;9
OPERATION;695;INCOME;5;59028,00;2026-03-16 01:13:06.723;Зарплата за July 2024;1
OPERATION;696;EXPENSE;5;6930,00;2026-03-16 01:13:06.723;Продукты;6
OPERATION;697;EXPENSE;10;7818,00;2026-03-16 01:13:06.723;Продукты;6
OPERATION;698;EXPENSE;5;4791,00;2026-03-16 01:13:06.723;Коммунальные услуги;9
OPERATION;699;EXPENSE;9;3244,00;2026-03-16 01:13:06.723;Коммунальные услуги;9
OPERATION;700;EXPENSE;7;7484,00;2026-03-16 01:13:06.723;Коммунальные услуги;9
OPERATION;701;INCOME;8;38853,00;2026-03-16 01:13:06.723;Премия;2
OPERATION;702;EXPENSE;8;3816,00;2026-03-16 01:13:06.723;Продукты;6
OPERATION;703;EXPENSE;4;4415,00;2026-03-16 01:13:06.723;Кофе;7
OPERATION;704;EXPENSE;10;463,00;2026-03-16 01:13:06.723;Такси;8
OPERATION;705;INCOME;7;56628,00;2026-03-16 01:13:06.723;Зарплата за July 2024;1
OPERATION;706;EXPENSE;4;9292,00;2026-03-16 01:13:06.723;Коммунальные услуги;9
OPERATION;707;EXPENSE;7;8264,00;2026-03-16 01:13:06.723;Коммунальные услуги;9
OPERATION;708;EXPENSE;2;447,00;2026-03-16 01:13:06.723;Метро;8
OPERATION;709;EXPENSE;10;1169,00;2026-03-16 01:13:06.723;Ужин;7
OPERATION;710;EXPENSE;1;2205,00;2026-03-16 01:13:06.723;Продукты;6
OPERATION;711;EXPENSE;8;558,00;2026-03-16 01:13:06.723;Обед;7
OPERATION;712;EXPENSE;10;1710,00;2026-03-16 01:13:06.723;Такси;8
OPERATION;713;EXPENSE;7;3079,00;2026-03-16 01:13:06.723;Кино;10
OPERATION;714;EXPENSE;8;1767,00;2026-03-16 01:13:06.723;Ужин;7
OPERATION;715;EXPENSE;4;2654,00;2026-03-16 01:13:06.723;Коммунальные услуги;9
OPERATION;716;INCOME;5;42839,00;2026-03-16 01:13:06.723;Зарплата за August 2024;1
OPERATION;717;INCOME;3;95366,00;2026-03-16 01:13:06.723;Зарплата за September 2024;1
OPERATION;718;EXPENSE;1;2074,00;2026-03-16 01:13:06.723;Обед;7
OPERATION;719;INCOME;3;19716,00;2026-03-16 01:13:06.723;Премия;2
OPERATION;720;INCOME;4;125064,00;2026-03-16 01:13:06.723;Зарплата за September 2024;1
OPERATION;721;EXPENSE;6;4077,00;2026-03-16 01:13:06.723;Кино;10
OPERATION;722;EXPENSE;5;3099,00;2026-03-16 01:13:06.723;Продукты;6
OPERATION;723;EXPENSE;10;2974,00;2026-03-16 01:13:06.723;Продукты;6
OPERATION;724;INCOME;9;2774,00;2026-03-16 01:13:06.723;Кэшбэк;3
OPERATION;725;EXPENSE;7;1838,00;2026-03-16 01:13:06.723;Метро;8
OPERATION;726;EXPENSE;6;2881,00;2026-03-16 01:13:06.723;Продукты;6
OPERATION;727;EXPENSE;1;3325,00;2026-03-16 01:13:06.723;Ужин;7
OPERATION;728;EXPENSE;4;1646,00;2026-03-16 01:13:06.723;Хобби;10
OPERATION;729;EXPENSE;1;4713,00;2026-03-16 01:13:06.723;Кино;10
OPERATION;730;EXPENSE;10;4136,00;2026-03-16 01:13:06.723;Коммунальные услуги;9
OPERATION;731;INCOME;7;41783,00;2026-03-16 01:13:06.723;Зарплата за September 2024;1
OPERATION;732;EXPENSE;1;7784,00;2026-03-16 01:13:06.723;Продукты;6
OPERATION;733;EXPENSE;4;3912,00;2026-03-16 01:13:06.723;Продукты;6
OPERATION;734;EXPENSE;3;1082,00;2026-03-16 01:13:06.723;Бензин;8
OPERATION;735;INCOME;6;16750,00;2026-03-16 01:13:06.723;Премия;2
OPERATION;736;INCOME;6;90984,00;2026-03-16 01:13:06.723;Зарплата за September 2024;1
OPERATION;737;EXPENSE;3;727,00;2026-03-16 01:13:06.723;Такси;8
OPERATION;738;EXPENSE;3;1027,00;2026-03-16 01:13:06.723;Кино;10
OPERATION;739;INCOME;1;108275,00;2026-03-16 01:13:06.723;Зарплата за October 2024;1
OPERATION;740;EXPENSE;8;3761,00;2026-03-16 01:13:06.723;Ужин;7
OPERATION;741;EXPENSE;10;7329,00;2026-03-16 01:13:06.723;Продукты;6
OPERATION;742;INCOME;8;30566,00;2026-03-16 01:13:06.723;Зарплата за October 2024;1
OPERATION;743;EXPENSE;6;4688,00;2026-03-16 01:13:06.723;Коммунальные услуги;9
OPERATION;744;INCOME;1;115982,00;2026-03-16 01:13:06.723;Зарплата за October 2024;1
OPERATION;745;INCOME;8;1563,00;2026-03-16 01:13:06.723;Кэшбэк;3
OPERATION;746;EXPENSE;7;2977,00;2026-03-16 01:13:06.723;Концерт;10
OPERATION;747;INCOME;6;37654,00;2026-03-16 01:13:06.723;Премия;2
OPERATION;748;EXPENSE;4;1031,00;2026-03-16 01:13:06.723;Метро;8
OPERATION;749;INCOME;2;12324,00;2026-03-16 01:13:06.723;Премия;2
OPERATION;750;EXPENSE;7;2809,00;2026-03-16 01:13:06.723;Ужин;7
OPERATION;751;EXPENSE;1;5590,00;2026-03-16 01:13:06.723;Концерт;10
OPERATION;752;EXPENSE;4;7907,00;2026-03-16 01:13:06.723;Продукты;6
OPERATION;753;EXPENSE;8;7010,00;2026-03-16 01:13:06.723;Продукты;6
OPERATION;754;EXPENSE;3;1052,00;2026-03-16 01:13:06.723;Продукты;6
OPERATION;755;EXPENSE;2;2796,00;2026-03-16 01:13:06.723;Коммунальные услуги;9
OPERATION;756;EXPENSE;8;1179,00;2026-03-16 01:13:06.723;Продукты;6
OPERATION;757;EXPENSE;9;4093,00;2026-03-16 01:13:06.723;Коммунальные услуги;9
OPERATION;758;EXPENSE;4;2419,00;2026-03-16 01:13:06.723;Кофе;7
OPERATION;759;EXPENSE;9;4641,00;2026-03-16 01:13:06.723;Концерт;10
OPERATION;760;EXPENSE;5;3281,00;2026-03-16 01:13:06.723;Ужин;7
OPERATION;761;INCOME;9;124372,00;2026-03-16 01:13:06.723;Зарплата за November 2024;1
OPERATION;762;EXPENSE;1;4763,00;2026-03-16 01:13:06.723;Концерт;10
OPERATION;763;INCOME;5;96245,00;2026-03-16 01:13:06.723;Зарплата за November 2024;1
OPERATION;764;INCOME;6;13022,00;2026-03-16 01:13:06.723;Премия;2
OPERATION;765;INCOME;6;119937,00;2026-03-16 01:13:06.723;Зарплата за November 2024;1
OPERATION;766;INCOME;1;45560,00;2026-03-16 01:13:06.723;Зарплата за December 2024;1
OPERATION;767;EXPENSE;1;1563,00;2026-03-16 01:13:06.723;Кофе;7
OPERATION;768;EXPENSE;7;1682,00;2026-03-16 01:13:06.723;Бензин;8
OPERATION;769;INCOME;6;17234,00;2026-03-16 01:13:06.723;Премия;2
OPERATION;770;INCOME;3;43312,00;2026-03-16 01:13:06.723;Премия;2
OPERATION;771;EXPENSE;6;3444,00;2026-03-16 01:13:06.723;Концерт;10
OPERATION;772;EXPENSE;4;3755,00;2026-03-16 01:13:06.723;Продукты;6
OPERATION;773;EXPENSE;7;9008,00;2026-03-16 01:13:06.723;Коммунальные услуги;9
OPERATION;774;INCOME;9;95592,00;2026-03-16 01:13:06.723;Зарплата за December 2024;1
OPERATION;775;EXPENSE;1;2465,00;2026-03-16 01:13:06.723;Кофе;7
OPERATION;776;EXPENSE;1;2266,00;2026-03-16 01:13:06.723;Кино;10
OPERATION;777;EXPENSE;2;921,00;2026-03-16 01:13:06.723;Обед;7
OPERATION;778;INCOME;8;39093,00;2026-03-16 01:13:06.723;Премия;2
OPERATION;779;INCOME;7;142584,00;2026-03-16 01:13:06.723;Зарплата за December 2024;1
OPERATION;780;EXPENSE;5;651,00;2026-03-16 01:13:06.723;Бензин;8
OPERATION;781;INCOME;6;100039,00;2026-03-16 01:13:06.723;Зарплата за December 2024;1
OPERATION;782;EXPENSE;6;2306,00;2026-03-16 01:13:06.723;Хобби;10
OPERATION;783;INCOME;7;78201,00;2026-03-16 01:13:06.723;Зарплата за December 2024;1
OPERATION;784;INCOME;6;105848,00;2026-03-16 01:13:06.723;Зарплата за December 2024;1
OPERATION;785;EXPENSE;2;7631,00;2026-03-16 01:13:06.723;Коммунальные услуги;9
OPERATION;786;EXPENSE;9;3732,00;2026-03-16 01:13:06.723;Кино;10
OPERATION;787;INCOME;8;122144,00;2026-03-16 01:13:06.723;Зарплата за January 2025;1
OPERATION;788;EXPENSE;6;1726,00;2026-03-16 01:13:06.723;Кино;10
OPERATION;789;EXPENSE;5;1282,00;2026-03-16 01:13:06.723;Хобби;10
OPERATION;790;EXPENSE;7;4868,00;2026-03-16 01:13:06.723;Кино;10
OPERATION;791;EXPENSE;10;2430,00;2026-03-16 01:13:06.723;Ужин;7
OPERATION;792;EXPENSE;1;1350,00;2026-03-16 01:13:06.723;Метро;8
OPERATION;793;EXPENSE;1;2140,00;2026-03-16 01:13:06.723;Ужин;7
OPERATION;794;EXPENSE;9;2333,00;2026-03-16 01:13:06.723;Продукты;6
OPERATION;795;EXPENSE;9;3218,00;2026-03-16 01:13:06.723;Хобби;10
OPERATION;796;EXPENSE;7;6530,00;2026-03-16 01:13:06.723;Продукты;6
OPERATION;797;EXPENSE;6;582,00;2026-03-16 01:13:06.723;Такси;8
OPERATION;798;EXPENSE;7;5778,00;2026-03-16 01:13:06.723;Концерт;10
OPERATION;799;EXPENSE;3;5524,00;2026-03-16 01:13:06.723;Кино;10
OPERATION;800;EXPENSE;7;9074,00;2026-03-16 01:13:06.723;Коммунальные услуги;9
OPERATION;801;EXPENSE;2;6741,00;2026-03-16 01:13:06.723;Коммунальные услуги;9
OPERATION;802;INCOME;6;109291,00;2026-03-16 01:13:06.723;Зарплата за January 2025;1
OPERATION;803;INCOME;8;21770,00;2026-03-16 01:13:06.723;Премия;2
OPERATION;804;EXPENSE;8;1221,00;2026-03-16 01:13:06.723;Концерт;10
OPERATION;805;EXPENSE;3;3248,00;2026-03-16 01:13:06.723;Коммунальные услуги;9
OPERATION;806;EXPENSE;4;1452,00;2026-03-16 01:13:06.723;Ужин;7
OPERATION;807;EXPENSE;2;7696,00;2026-03-16 01:13:06.723;Продукты;6
OPERATION;808;INCOME;9;121190,00;2026-03-16 01:13:06.723;Зарплата за February 2025;1
OPERATION;809;INCOME;1;77103,00;2026-03-16 01:13:06.723;Зарплата за February 2025;1
OPERATION;810;INCOME;1;137891,00;2026-03-16 01:13:06.724;Зарплата за February 2025;1
OPERATION;811;INCOME;1;135431,00;2026-03-16 01:13:06.724;Зарплата за February 2025;1
OPERATION;812;EXPENSE;8;967,00;2026-03-16 01:13:06.724;Ужин;7
OPERATION;813;EXPENSE;5;4700,00;2026-03-16 01:13:06.724;Обед;7
OPERATION;814;EXPENSE;4;4210,00;2026-03-16 01:13:06.724;Ужин;7
OPERATION;815;EXPENSE;7;4440,00;2026-03-16 01:13:06.724;Хобби;10
OPERATION;816;EXPENSE;8;7357,00;2026-03-16 01:13:06.724;Коммунальные услуги;9
OPERATION;817;INCOME;10;5672,00;2026-03-16 01:13:06.724;Премия;2
OPERATION;818;EXPENSE;5;1211,00;2026-03-16 01:13:06.724;Продукты;6
OPERATION;819;EXPENSE;9;3627,00;2026-03-16 01:13:06.724;Кино;10
OPERATION;820;EXPENSE;1;3200,00;2026-03-16 01:13:06.724;Кино;10
OPERATION;821;INCOME;7;121010,00;2026-03-16 01:13:06.724;Зарплата за February 2025;1
OPERATION;822;EXPENSE;5;9938,00;2026-03-16 01:13:06.724;Коммунальные услуги;9
OPERATION;823;EXPENSE;8;2518,00;2026-03-16 01:13:06.724;Кино;10
OPERATION;824;INCOME;5;36894,00;2026-03-16 01:13:06.724;Зарплата за February 2025;1
OPERATION;825;EXPENSE;2;1868,00;2026-03-16 01:13:06.724;Кофе;7
OPERATION;826;EXPENSE;5;4148,00;2026-03-16 01:13:06.724;Концерт;10
OPERATION;827;EXPENSE;7;6699,00;2026-03-16 01:13:06.724;Коммунальные услуги;9
OPERATION;828;INCOME;5;27182,00;2026-03-16 01:13:06.724;Премия;2
OPERATION;829;EXPENSE;10;5540,00;2026-03-16 01:13:06.724;Продукты;6
OPERATION;830;EXPENSE;9;7643,00;2026-03-16 01:13:06.724;Продукты;6
OPERATION;831;EXPENSE;10;720,00;2026-03-16 01:13:06.724;Метро;8
OPERATION;832;EXPENSE;4;2192,00;2026-03-16 01:13:06.724;Коммунальные услуги;9
OPERATION;833;INCOME;5;118379,00;2026-03-16 01:13:06.724;Зарплата за March 2025;1
OPERATION;834;EXPENSE;1;2733,00;2026-03-16 01:13:06.724;Продукты;6
OPERATION;835;EXPENSE;1;7514,00;2026-03-16 01:13:06.724;Продукты;6
OPERATION;836;INCOME;6;2449,00;2026-03-16 01:13:06.724;Кэшбэк;3
OPERATION;837;EXPENSE;5;4872,00;2026-03-16 01:13:06.724;Обед;7
OPERATION;838;EXPENSE;3;6139,00;2026-03-16 01:13:06.724;Концерт;10
OPERATION;839;INCOME;6;11334,00;2026-03-16 01:13:06.724;Премия;2
OPERATION;840;EXPENSE;9;3865,00;2026-03-16 01:13:06.724;Продукты;6
OPERATION;841;EXPENSE;4;9185,00;2026-03-16 01:13:06.724;Коммунальные услуги;9
OPERATION;842;EXPENSE;10;1218,00;2026-03-16 01:13:06.724;Продукты;6
OPERATION;843;EXPENSE;8;4012,00;2026-03-16 01:13:06.724;Коммунальные услуги;9
OPERATION;844;EXPENSE;8;1427,00;2026-03-16 01:13:06.724;Обед;7
OPERATION;845;EXPENSE;4;1733,00;2026-03-16 01:13:06.724;Такси;8
OPERATION;846;EXPENSE;2;866,00;2026-03-16 01:13:06.724;Такси;8
OPERATION;847;EXPENSE;2;5723,00;2026-03-16 01:13:06.724;Кино;10
OPERATION;848;EXPENSE;9;7458,00;2026-03-16 01:13:06.724;Коммунальные услуги;9
OPERATION;849;EXPENSE;5;3830,00;2026-03-16 01:13:06.724;Продукты;6
OPERATION;850;EXPENSE;10;2861,00;2026-03-16 01:13:06.724;Ужин;7
OPERATION;851;EXPENSE;4;9911,00;2026-03-16 01:13:06.724;Коммунальные услуги;9
OPERATION;852;INCOME;9;57477,00;2026-03-16 01:13:06.724;Зарплата за April 2025;1
OPERATION;853;EXPENSE;1;5488,00;2026-03-16 01:13:06.724;Кино;10
OPERATION;854;INCOME;3;34943,00;2026-03-16 01:13:06.724;Премия;2
OPERATION;855;EXPENSE;8;3754,00;2026-03-16 01:13:06.724;Концерт;10
OPERATION;856;INCOME;3;14676,00;2026-03-16 01:13:06.724;Премия;2
OPERATION;857;EXPENSE;8;1960,00;2026-03-16 01:13:06.724;Хобби;10
OPERATION;858;INCOME;9;142693,00;2026-03-16 01:13:06.724;Зарплата за April 2025;1
OPERATION;859;EXPENSE;3;4325,00;2026-03-16 01:13:06.724;Продукты;6
OPERATION;860;EXPENSE;7;1818,00;2026-03-16 01:13:06.724;Кофе;7
OPERATION;861;EXPENSE;4;2378,00;2026-03-16 01:13:06.724;Продукты;6
OPERATION;862;EXPENSE;7;2221,00;2026-03-16 01:13:06.724;Кофе;7
OPERATION;863;EXPENSE;7;4136,00;2026-03-16 01:13:06.724;Коммунальные услуги;9
OPERATION;864;EXPENSE;9;6698,00;2026-03-16 01:13:06.724;Хобби;10
OPERATION;865;INCOME;10;31939,00;2026-03-16 01:13:06.724;Премия;2
OPERATION;866;EXPENSE;3;6844,00;2026-03-16 01:13:06.724;Концерт;10
OPERATION;867;EXPENSE;2;5502,00;2026-03-16 01:13:06.724;Продукты;6
OPERATION;868;EXPENSE;5;1354,00;2026-03-16 01:13:06.724;Ужин;7
OPERATION;869;EXPENSE;7;895,00;2026-03-16 01:13:06.724;Бензин;8
OPERATION;870;EXPENSE;6;1802,00;2026-03-16 01:13:06.724;Такси;8
OPERATION;871;EXPENSE;3;1294,00;2026-03-16 01:13:06.724;Бензин;8
OPERATION;872;EXPENSE;10;6165,00;2026-03-16 01:13:06.724;Кино;10
OPERATION;873;EXPENSE;10;1413,00;2026-03-16 01:13:06.724;Бензин;8
OPERATION;874;EXPENSE;9;8223,00;2026-03-16 01:13:06.724;Коммунальные услуги;9
OPERATION;875;EXPENSE;2;6885,00;2026-03-16 01:13:06.724;Кино;10
OPERATION;876;EXPENSE;3;862,00;2026-03-16 01:13:06.724;Кофе;7
OPERATION;877;EXPENSE;1;5626,00;2026-03-16 01:13:06.724;Продукты;6
OPERATION;878;EXPENSE;3;4099,00;2026-03-16 01:13:06.724;Коммунальные услуги;9
OPERATION;879;EXPENSE;3;7788,00;2026-03-16 01:13:06.724;Коммунальные услуги;9
OPERATION;880;EXPENSE;10;3577,00;2026-03-16 01:13:06.724;Хобби;10
OPERATION;881;EXPENSE;7;5479,00;2026-03-16 01:13:06.724;Кино;10
OPERATION;882;INCOME;4;122993,00;2026-03-16 01:13:06.724;Зарплата за June 2025;1
OPERATION;883;EXPENSE;6;1855,00;2026-03-16 01:13:06.724;Продукты;6
OPERATION;884;EXPENSE;9;234,00;2026-03-16 01:13:06.724;Такси;8
OPERATION;885;INCOME;3;119624,00;2026-03-16 01:13:06.724;Зарплата за June 2025;1
OPERATION;886;EXPENSE;10;926,00;2026-03-16 01:13:06.724;Бензин;8
OPERATION;887;EXPENSE;2;3278,00;2026-03-16 01:13:06.724;Коммунальные услуги;9
OPERATION;888;EXPENSE;8;4994,00;2026-03-16 01:13:06.724;Кино;10
OPERATION;889;EXPENSE;8;5728,00;2026-03-16 01:13:06.724;Коммунальные услуги;9
OPERATION;890;INCOME;1;134454,00;2026-03-16 01:13:06.724;Зарплата за July 2025;1
OPERATION;891;INCOME;3;36633,00;2026-03-16 01:13:06.724;Премия;2
OPERATION;892;EXPENSE;4;1268,00;2026-03-16 01:13:06.724;Такси;8
OPERATION;893;INCOME;2;32455,00;2026-03-16 01:13:06.724;Премия;2
OPERATION;894;EXPENSE;6;9203,00;2026-03-16 01:13:06.724;Коммунальные услуги;9
OPERATION;895;INCOME;4;147137,00;2026-03-16 01:13:06.724;Зарплата за July 2025;1
OPERATION;896;EXPENSE;6;1055,00;2026-03-16 01:13:06.724;Концерт;10
OPERATION;897;INCOME;10;121460,00;2026-03-16 01:13:06.724;Зарплата за July 2025;1
OPERATION;898;EXPENSE;10;1692,00;2026-03-16 01:13:06.724;Продукты;6
OPERATION;899;INCOME;7;22266,00;2026-03-16 01:13:06.724;Премия;2
OPERATION;900;EXPENSE;5;1217,00;2026-03-16 01:13:06.724;Продукты;6
OPERATION;901;EXPENSE;3;2594,00;2026-03-16 01:13:06.724;Коммунальные услуги;9
OPERATION;902;INCOME;1;69458,00;2026-03-16 01:13:06.724;Зарплата за July 2025;1
OPERATION;903;EXPENSE;9;2880,00;2026-03-16 01:13:06.724;Концерт;10
OPERATION;904;EXPENSE;10;2021,00;2026-03-16 01:13:06.724;Кофе;7
OPERATION;905;EXPENSE;7;2718,00;2026-03-16 01:13:06.724;Кофе;7
OPERATION;906;INCOME;5;44725,00;2026-03-16 01:13:06.724;Премия;2
OPERATION;907;INCOME;8;14748,00;2026-03-16 01:13:06.724;Премия;2
OPERATION;908;EXPENSE;10;2896,00;2026-03-16 01:13:06.724;Кино;10
OPERATION;909;EXPENSE;7;5704,00;2026-03-16 01:13:06.724;Кино;10
OPERATION;910;INCOME;10;28767,00;2026-03-16 01:13:06.724;Премия;2
OPERATION;911;EXPENSE;1;9291,00;2026-03-16 01:13:06.724;Коммунальные услуги;9
OPERATION;912;INCOME;6;45922,00;2026-03-16 01:13:06.724;Зарплата за August 2025;1
OPERATION;913;EXPENSE;2;337,00;2026-03-16 01:13:06.724;Бензин;8
OPERATION;914;EXPENSE;10;6263,00;2026-03-16 01:13:06.724;Концерт;10
OPERATION;915;EXPENSE;10;916,00;2026-03-16 01:13:06.724;Бензин;8
OPERATION;916;EXPENSE;4;5098,00;2026-03-16 01:13:06.724;Концерт;10
OPERATION;917;INCOME;5;18192,00;2026-03-16 01:13:06.724;Премия;2
OPERATION;918;EXPENSE;6;8413,00;2026-03-16 01:13:06.724;Коммунальные услуги;9
OPERATION;919;EXPENSE;1;4612,00;2026-03-16 01:13:06.724;Ужин;7
OPERATION;920;EXPENSE;2;2489,00;2026-03-16 01:13:06.724;Коммунальные услуги;9
OPERATION;921;EXPENSE;4;3008,00;2026-03-16 01:13:06.724;Продукты;6
OPERATION;922;EXPENSE;5;4393,00;2026-03-16 01:13:06.724;Продукты;6
OPERATION;923;INCOME;3;112802,00;2026-03-16 01:13:06.724;Зарплата за August 2025;1
OPERATION;924;EXPENSE;4;256,00;2026-03-16 01:13:06.724;Метро;8
OPERATION;925;INCOME;7;34328,00;2026-03-16 01:13:06.724;Зарплата за August 2025;1
OPERATION;926;EXPENSE;6;4007,00;2026-03-16 01:13:06.724;Кино;10
OPERATION;927;INCOME;3;44003,00;2026-03-16 01:13:06.724;Премия;2
OPERATION;928;EXPENSE;10;2867,00;2026-03-16 01:13:06.724;Обед;7
OPERATION;929;INCOME;10;32829,00;2026-03-16 01:13:06.724;Премия;2
OPERATION;930;EXPENSE;6;3968,00;2026-03-16 01:13:06.724;Обед;7
OPERATION;931;EXPENSE;10;656,00;2026-03-16 01:13:06.724;Бензин;8
OPERATION;932;EXPENSE;7;1687,00;2026-03-16 01:13:06.724;Такси;8
OPERATION;933;INCOME;1;141351,00;2026-03-16 01:13:06.724;Зарплата за September 2025;1
OPERATION;934;EXPENSE;1;693,00;2026-03-16 01:13:06.724;Такси;8
OPERATION;935;INCOME;6;26892,00;2026-03-16 01:13:06.724;Премия;2
OPERATION;936;INCOME;8;119956,00;2026-03-16 01:13:06.724;Зарплата за September 2025;1
OPERATION;937;INCOME;2;93862,00;2026-03-16 01:13:06.724;Зарплата за September 2025;1
OPERATION;938;EXPENSE;5;3903,00;2026-03-16 01:13:06.724;Ужин;7
OPERATION;939;EXPENSE;3;6521,00;2026-03-16 01:13:06.724;Продукты;6
OPERATION;940;EXPENSE;2;9494,00;2026-03-16 01:13:06.724;Коммунальные услуги;9
OPERATION;941;EXPENSE;5;1833,00;2026-03-16 01:13:06.724;Кино;10
OPERATION;942;INCOME;5;53337,00;2026-03-16 01:13:06.724;Зарплата за September 2025;1
OPERATION;943;EXPENSE;9;2541,00;2026-03-16 01:13:06.724;Обед;7
OPERATION;944;EXPENSE;6;6835,00;2026-03-16 01:13:06.724;Хобби;10
OPERATION;945;EXPENSE;5;2201,00;2026-03-16 01:13:06.724;Хобби;10
OPERATION;946;EXPENSE;3;4645,00;2026-03-16 01:13:06.724;Коммунальные услуги;9
OPERATION;947;EXPENSE;7;4704,00;2026-03-16 01:13:06.724;Коммунальные услуги;9
OPERATION;948;EXPENSE;7;3979,00;2026-03-16 01:13:06.724;Коммунальные услуги;9
OPERATION;949;EXPENSE;3;2977,00;2026-03-16 01:13:06.724;Обед;7
OPERATION;950;INCOME;1;22470,00;2026-03-16 01:13:06.724;Премия;2
OPERATION;951;EXPENSE;7;2213,00;2026-03-16 01:13:06.724;Коммунальные услуги;9
OPERATION;952;EXPENSE;7;1426,00;2026-03-16 01:13:06.724;Хобби;10
OPERATION;953;EXPENSE;7;1168,00;2026-03-16 01:13:06.724;Такси;8
OPERATION;954;EXPENSE;6;7073,00;2026-03-16 01:13:06.724;Коммунальные услуги;9
OPERATION;955;EXPENSE;8;938,00;2026-03-16 01:13:06.724;Метро;8
OPERATION;956;EXPENSE;7;366,00;2026-03-16 01:13:06.724;Бензин;8
OPERATION;957;INCOME;5;2095,00;2026-03-16 01:13:06.724;Кэшбэк;3
OPERATION;958;EXPENSE;7;2992,00;2026-03-16 01:13:06.724;Хобби;10
OPERATION;959;EXPENSE;6;7923,00;2026-03-16 01:13:06.724;Коммунальные услуги;9
OPERATION;960;EXPENSE;9;632,00;2026-03-16 01:13:06.724;Обед;7
OPERATION;961;EXPENSE;10;850,00;2026-03-16 01:13:06.724;Ужин;7
OPERATION;962;INCOME;8;84366,00;2026-03-16 01:13:06.724;Зарплата за October 2025;1
OPERATION;963;INCOME;2;133289,00;2026-03-16 01:13:06.724;Зарплата за October 2025;1
OPERATION;964;EXPENSE;10;867,00;2026-03-16 01:13:06.724;Продукты;6
OPERATION;965;EXPENSE;5;1034,00;2026-03-16 01:13:06.724;Концерт;10
OPERATION;966;INCOME;5;33218,00;2026-03-16 01:13:06.724;Премия;2
OPERATION;967;INCOME;7;124961,00;2026-03-16 01:13:06.724;Зарплата за October 2025;1
OPERATION;968;INCOME;3;1811,00;2026-03-16 01:13:06.724;Кэшбэк;3
OPERATION;969;EXPENSE;8;105,00;2026-03-16 01:13:06.724;Метро;8
OPERATION;970;EXPENSE;4;1288,00;2026-03-16 01:13:06.724;Хобби;10
OPERATION;971;EXPENSE;9;3670,00;2026-03-16 01:13:06.724;Продукты;6
OPERATION;972;EXPENSE;8;5867,00;2026-03-16 01:13:06.724;Коммунальные услуги;9
OPERATION;973;INCOME;1;90303,00;2026-03-16 01:13:06.724;Зарплата за November 2025;1
OPERATION;974;EXPENSE;2;8500,00;2026-03-16 01:13:06.724;Коммунальные услуги;9
OPERATION;975;EXPENSE;10;4697,00;2026-03-16 01:13:06.724;Кино;10
OPERATION;976;EXPENSE;3;4219,00;2026-03-16 01:13:06.724;Продукты;6
OPERATION;977;INCOME;5;33331,00;2026-03-16 01:13:06.724;Премия;2
OPERATION;978;INCOME;3;30132,00;2026-03-16 01:13:06.724;Зарплата за November 2025;1
OPERATION;979;EXPENSE;6;1450,00;2026-03-16 01:13:06.724;Ужин;7
OPERATION;980;EXPENSE;1;4500,00;2026-03-16 01:13:06.724;Коммунальные услуги;9
OPERATION;981;EXPENSE;9;649,00;2026-03-16 01:13:06.724;Бензин;8
OPERATION;982;EXPENSE;3;4385,00;2026-03-16 01:13:06.724;Концерт;10
OPERATION;983;INCOME;5;6732,00;2026-03-16 01:13:06.724;Премия;2
OPERATION;984;INCOME;2;69554,00;2026-03-16 01:13:06.724;Зарплата за November 2025;1
OPERATION;985;EXPENSE;1;8293,00;2026-03-16 01:13:06.724;Коммунальные услуги;9
OPERATION;986;EXPENSE;5;1407,00;2026-03-16 01:13:06.724;Ужин;7
OPERATION;987;EXPENSE;6;4193,00;2026-03-16 01:13:06.724;Коммунальные услуги;9
OPERATION;988;EXPENSE;8;1838,00;2026-03-16 01:13:06.724;Метро;8
OPERATION;989;EXPENSE;10;840,00;2026-03-16 01:13:06.724;Ужин;7
OPERATION;990;INCOME;6;54457,00;2026-03-16 01:13:06.724;Зарплата за December 2025;1
OPERATION;991;INCOME;2;147228,00;2026-03-16 01:13:06.724;Зарплата за December 2025;1
OPERATION;992;INCOME;5;147920,00;2026-03-16 01:13:06.724;Зарплата за December 2025;1
OPERATION;993;EXPENSE;3;1788,00;2026-03-16 01:13:06.724;Бензин;8
OPERATION;994;EXPENSE;1;3859,00;2026-03-16 01:13:06.724;Концерт;10
OPERATION;995;EXPENSE;7;477,00;2026-03-16 01:13:06.724;Бензин;8
OPERATION;996;INCOME;1;106540,00;2026-03-16 01:13:06.724;Зарплата за December 2025;1
OPERATION;997;EXPENSE;9;2247,00;2026-03-16 01:13:06.724;Кофе;7
OPERATION;998;EXPENSE;4;2271,00;2026-03-16 01:13:06.724;Концерт;10
OPERATION;999;EXPENSE;6;6409,00;2026-03-16 01:13:06.724;Продукты;6
OPERATION;1000;EXPENSE;4;2465,00;2026-03-16 01:13:06.724;Ужин;7
