ACCOUNT;1;Счет 1;84275,18
ACCOUNT;2;Счет 2;43935,74
ACCOUNT;3;Счет 3;39730,91
ACCOUNT;4;Счет 4;53254,81
ACCOUNT;5;Счет 5;54037,90
ACCOUNT;6;Счет 6;52048,54
ACCOUNT;7;Счет 7;87130,95
ACCOUNT;8;Счет 8;78176,31
ACCOUNT;9;Счет 9;52880,98
ACCOUNT;10;Счет 10;82007,53
CATEGORY;1;INCOME;Зарплата
CATEGORY;2;INCOME;Премия
CATEGORY;3;INCOME;Кэшбэк
CATEGORY;4;INCOME;Подработка
CATEGORY;5;INCOME;Проценты по вкладу
CATEGORY;6;EXPENSE;Продукты
CATEGORY;7;EXPENSE;Кафе и рестораны
CATEGORY;8;EXPENSE;Транспорт
CATEGORY;9;EXPENSE;Коммунальные услуги
CATEGORY;10;EXPENSE;Развлечения
OPERATION;1;EXPENSE;4;2035,49;2026-03-16 01:23:23.076;Хобби;10
OPERATION;2;EXPENSE;6;1544,48;2026-03-16 01:23:23.076;Бензин;8
OPERATION;3;INCOME;5;38399,02;2026-03-16 01:23:23.076;Премия;2
OPERATION;4;EXPENSE;4;4911,28;2026-03-16 01:23:23.076;Ужин;7
OPERATION;5;EXPENSE;10;4702,99;2026-03-16 01:23:23.076;Коммунальные услуги;9
OPERATION;6;EXPENSE;7;2213,71;2026-03-16 01:23:23.076;Коммунальные услуги;9
OPERATION;7;EXPENSE;7;2980,39;2026-03-16 01:23:23.076;Обед;7
OPERATION;8;EXPENSE;2;4737,26;2026-03-16 01:23:23.076;Обед;7
OPERATION;9;EXPENSE;7;2312,04;2026-03-16 01:23:23.076;Коммунальные услуги;9
OPERATION;10;EXPENSE;9;1250,73;2026-03-16 01:23:23.076;Кофе;7
OPERATION;11;EXPENSE;2;3960,85;2026-03-16 01:23:23.076;Кофе;7
OPERATION;12;INCOME;10;14664,25;2026-03-16 01:23:23.077;Премия;2
OPERATION;13;EXPENSE;1;5192,43;2026-03-16 01:23:23.077;Продукты;6
OPERATION;14;EXPENSE;6;6711,80;2026-03-16 01:23:23.077;Коммунальные услуги;9
OPERATION;15;EXPENSE;6;1243,57;2026-03-16 01:23:23.077;Кино;10
OPERATION;16;EXPENSE;4;3547,18;2026-03-16 01:23:23.077;Концерт;10
OPERATION;17;INCOME;4;32730,51;2026-03-16 01:23:23.077;Зарплата за February 2021;1
OPERATION;18;EXPENSE;5;1796,28;2026-03-16 01:23:23.077;Кофе;7
OPERATION;19;EXPENSE;10;1243,51;2026-03-16 01:23:23.077;Продукты;6
OPERATION;20;EXPENSE;8;5833,37;2026-03-16 01:23:23.077;Продукты;6
OPERATION;21;EXPENSE;7;4186,82;2026-03-16 01:23:23.077;Продукты;6
OPERATION;22;EXPENSE;2;4351,91;2026-03-16 01:23:23.077;Ужин;7
OPERATION;23;EXPENSE;6;3325,13;2026-03-16 01:23:23.077;Кофе;7
OPERATION;24;EXPENSE;3;6421,98;2026-03-16 01:23:23.077;Продукты;6
OPERATION;25;EXPENSE;8;2703,27;2026-03-16 01:23:23.077;Коммунальные услуги;9
OPERATION;26;INCOME;10;59875,66;2026-03-16 01:23:23.077;Зарплата за February 2021;1
OPERATION;27;EXPENSE;1;1054,83;2026-03-16 01:23:23.077;Продукты;6
OPERATION;28;EXPENSE;2;4754,71;2026-03-16 01:23:23.077;Хобби;10
OPERATION;29;EXPENSE;1;3721,78;2026-03-16 01:23:23.077;Продукты;6
OPERATION;30;INCOME;1;125247,54;2026-03-16 01:23:23.077;Зарплата за March 2021;1
OPERATION;31;INCOME;7;75980,41;2026-03-16 01:23:23.077;Зарплата за March 2021;1
OPERATION;32;INCOME;7;92130,12;2026-03-16 01:23:23.077;Зарплата за March 2021;1
OPERATION;33;EXPENSE;10;6385,33;2026-03-16 01:23:23.077;Коммунальные услуги;9
OPERATION;34;EXPENSE;6;676,76;2026-03-16 01:23:23.077;Бензин;8
OPERATION;35;EXPENSE;3;453,30;2026-03-16 01:23:23.077;Такси;8
OPERATION;36;EXPENSE;10;563,54;2026-03-16 01:23:23.077;Бензин;8
OPERATION;37;EXPENSE;2;2858,24;2026-03-16 01:23:23.077;Коммунальные услуги;9
OPERATION;38;INCOME;7;16858,14;2026-03-16 01:23:23.077;Премия;2
OPERATION;39;EXPENSE;10;2047,32;2026-03-16 01:23:23.077;Ужин;7
OPERATION;40;INCOME;10;89893,27;2026-03-16 01:23:23.077;Зарплата за March 2021;1
OPERATION;41;EXPENSE;5;4994,80;2026-03-16 01:23:23.077;Ужин;7
OPERATION;42;EXPENSE;10;6230,21;2026-03-16 01:23:23.077;Коммунальные услуги;9
OPERATION;43;INCOME;7;39249,91;2026-03-16 01:23:23.077;Премия;2
OPERATION;44;INCOME;9;79458,79;2026-03-16 01:23:23.077;Зарплата за April 2021;1
OPERATION;45;EXPENSE;3;2730,99;2026-03-16 01:23:23.077;Обед;7
OPERATION;46;EXPENSE;4;573,32;2026-03-16 01:23:23.077;Продукты;6
OPERATION;47;EXPENSE;4;1863,41;2026-03-16 01:23:23.077;Такси;8
OPERATION;48;EXPENSE;10;2527,96;2026-03-16 01:23:23.077;Коммунальные услуги;9
OPERATION;49;EXPENSE;10;5461,97;2026-03-16 01:23:23.077;Коммунальные услуги;9
OPERATION;50;EXPENSE;4;2517,75;2026-03-16 01:23:23.077;Коммунальные услуги;9
OPERATION;51;EXPENSE;7;140,79;2026-03-16 01:23:23.077;Метро;8
OPERATION;52;INCOME;1;2716,45;2026-03-16 01:23:23.077;Кэшбэк;3
OPERATION;53;INCOME;3;31817,46;2026-03-16 01:23:23.077;Зарплата за April 2021;1
OPERATION;54;EXPENSE;9;4527,38;2026-03-16 01:23:23.077;Коммунальные услуги;9
OPERATION;55;INCOME;4;43286,20;2026-03-16 01:23:23.077;Премия;2
OPERATION;56;INCOME;2;87882,59;2026-03-16 01:23:23.077;Зарплата за April 2021;1
OPERATION;57;INCOME;9;44319,64;2026-03-16 01:23:23.077;Премия;2
OPERATION;58;EXPENSE;6;1253,09;2026-03-16 01:23:23.077;Такси;8
OPERATION;59;INCOME;3;125938,37;2026-03-16 01:23:23.077;Зарплата за April 2021;1
OPERATION;60;EXPENSE;4;4045,38;2026-03-16 01:23:23.077;Кино;10
OPERATION;61;EXPENSE;5;294,94;2026-03-16 01:23:23.077;Бензин;8
OPERATION;62;INCOME;2;67187,74;2026-03-16 01:23:23.077;Зарплата за April 2021;1
OPERATION;63;EXPENSE;2;6520,10;2026-03-16 01:23:23.077;Хобби;10
OPERATION;64;EXPENSE;4;4391,60;2026-03-16 01:23:23.077;Кофе;7
OPERATION;65;EXPENSE;9;5348,37;2026-03-16 01:23:23.077;Продукты;6
OPERATION;66;INCOME;8;14270,97;2026-03-16 01:23:23.077;Премия;2
OPERATION;67;INCOME;7;84578,15;2026-03-16 01:23:23.077;Зарплата за May 2021;1
OPERATION;68;INCOME;1;139681,51;2026-03-16 01:23:23.077;Зарплата за May 2021;1
OPERATION;69;INCOME;9;134932,15;2026-03-16 01:23:23.077;Зарплата за May 2021;1
OPERATION;70;INCOME;2;41931,19;2026-03-16 01:23:23.077;Зарплата за May 2021;1
OPERATION;71;EXPENSE;9;2860,73;2026-03-16 01:23:23.077;Ужин;7
OPERATION;72;EXPENSE;6;8905,40;2026-03-16 01:23:23.077;Коммунальные услуги;9
OPERATION;73;EXPENSE;8;3471,34;2026-03-16 01:23:23.077;Обед;7
OPERATION;74;EXPENSE;1;4424,97;2026-03-16 01:23:23.077;Коммунальные услуги;9
OPERATION;75;EXPENSE;1;5025,69;2026-03-16 01:23:23.077;Коммунальные услуги;9
OPERATION;76;EXPENSE;4;3857,61;2026-03-16 01:23:23.077;Ужин;7
OPERATION;77;EXPENSE;3;5691,10;2026-03-16 01:23:23.077;Коммунальные услуги;9
OPERATION;78;EXPENSE;7;423,57;2026-03-16 01:23:23.077;Ужин;7
OPERATION;79;EXPENSE;4;7406,96;2026-03-16 01:23:23.077;Продукты;6
OPERATION;80;EXPENSE;2;3966,35;2026-03-16 01:23:23.077;Ужин;7
OPERATION;81;EXPENSE;9;6089,09;2026-03-16 01:23:23.077;Продукты;6
OPERATION;82;EXPENSE;8;9410,64;2026-03-16 01:23:23.077;Коммунальные услуги;9
OPERATION;83;EXPENSE;3;7007,57;2026-03-16 01:23:23.077;Коммунальные услуги;9
OPERATION;84;EXPENSE;4;1403,79;2026-03-16 01:23:23.077;Такси;8
OPERATION;85;EXPENSE;4;4356,79;2026-03-16 01:23:23.077;Продукты;6
OPERATION;86;EXPENSE;1;1333,49;2026-03-16 01:23:23.077;Продукты;6
OPERATION;87;EXPENSE;1;368,48;2026-03-16 01:23:23.077;Кофе;7
OPERATION;88;EXPENSE;8;559,28;2026-03-16 01:23:23.077;Бензин;8
OPERATION;89;EXPENSE;9;1011,91;2026-03-16 01:23:23.077;Обед;7
OPERATION;90;INCOME;6;110107,55;2026-03-16 01:23:23.077;Зарплата за June 2021;1
OPERATION;91;INCOME;10;122677,89;2026-03-16 01:23:23.077;Зарплата за June 2021;1
OPERATION;92;INCOME;5;147704,83;2026-03-16 01:23:23.077;Зарплата за June 2021;1
OPERATION;93;INCOME;9;2372,98;2026-03-16 01:23:23.077;Кэшбэк;3
OPERATION;94;EXPENSE;6;2968,00;2026-03-16 01:23:23.077;Хобби;10
OPERATION;95;EXPENSE;8;5720,47;2026-03-16 01:23:23.077;Коммунальные услуги;9
OPERATION;96;INCOME;6;41538,12;2026-03-16 01:23:23.077;Премия;2
OPERATION;97;EXPENSE;7;5625,68;2026-03-16 01:23:23.077;Хобби;10
OPERATION;98;EXPENSE;2;7494,06;2026-03-16 01:23:23.077;Продукты;6
OPERATION;99;INCOME;8;94590,14;2026-03-16 01:23:23.077;Зарплата за July 2021;1
OPERATION;100;INCOME;4;22708,34;2026-03-16 01:23:23.077;Премия;2
OPERATION;101;EXPENSE;3;4377,56;2026-03-16 01:23:23.077;Кино;10
OPERATION;102;EXPENSE;7;7310,32;2026-03-16 01:23:23.077;Продукты;6
OPERATION;103;EXPENSE;2;1550,92;2026-03-16 01:23:23.077;Концерт;10
OPERATION;104;EXPENSE;2;2922,29;2026-03-16 01:23:23.077;Ужин;7
OPERATION;105;EXPENSE;6;7355,69;2026-03-16 01:23:23.077;Продукты;6
OPERATION;106;EXPENSE;8;3925,59;2026-03-16 01:23:23.077;Обед;7
OPERATION;107;EXPENSE;3;1029,49;2026-03-16 01:23:23.077;Хобби;10
OPERATION;108;EXPENSE;3;629,50;2026-03-16 01:23:23.077;Бензин;8
OPERATION;109;EXPENSE;5;2290,75;2026-03-16 01:23:23.077;Кофе;7
OPERATION;110;EXPENSE;6;2431,09;2026-03-16 01:23:23.077;Ужин;7
OPERATION;111;INCOME;10;76810,38;2026-03-16 01:23:23.077;Зарплата за August 2021;1
OPERATION;112;INCOME;1;10455,44;2026-03-16 01:23:23.077;Премия;2
OPERATION;113;EXPENSE;5;1788,21;2026-03-16 01:23:23.077;Обед;7
OPERATION;114;EXPENSE;6;6299,57;2026-03-16 01:23:23.077;Коммунальные услуги;9
OPERATION;115;INCOME;3;87411,65;2026-03-16 01:23:23.077;Зарплата за August 2021;1
OPERATION;116;EXPENSE;4;4766,46;2026-03-16 01:23:23.077;Ужин;7
OPERATION;117;EXPENSE;1;2889,69;2026-03-16 01:23:23.077;Кино;10
OPERATION;118;EXPENSE;7;8054,00;2026-03-16 01:23:23.077;Коммунальные услуги;9
OPERATION;119;INCOME;6;18627,58;2026-03-16 01:23:23.077;Премия;2
OPERATION;120;INCOME;7;5830,10;2026-03-16 01:23:23.077;Премия;2
OPERATION;121;EXPENSE;9;803,06;2026-03-16 01:23:23.077;Бензин;8
OPERATION;122;EXPENSE;5;1105,67;2026-03-16 01:23:23.077;Обед;7
OPERATION;123;EXPENSE;9;816,76;2026-03-16 01:23:23.078;Кофе;7
OPERATION;124;EXPENSE;1;1699,63;2026-03-16 01:23:23.078;Бензин;8
OPERATION;125;INCOME;5;18996,15;2026-03-16 01:23:23.078;Премия;2
OPERATION;126;EXPENSE;4;7272,66;2026-03-16 01:23:23.078;Коммунальные услуги;9
OPERATION;127;INCOME;2;58722,96;2026-03-16 01:23:23.078;Зарплата за August 2021;1
OPERATION;128;INCOME;6;142621,70;2026-03-16 01:23:23.078;Зарплата за August 2021;1
OPERATION;129;INCOME;6;121551,62;2026-03-16 01:23:23.078;Зарплата за August 2021;1
OPERATION;130;INCOME;5;5348,22;2026-03-16 01:23:23.078;Премия;2
OPERATION;131;EXPENSE;2;3932,97;2026-03-16 01:23:23.078;Обед;7
OPERATION;132;INCOME;4;144677,35;2026-03-16 01:23:23.078;Зарплата за August 2021;1
OPERATION;133;EXPENSE;8;2306,11;2026-03-16 01:23:23.078;Коммунальные услуги;9
OPERATION;134;EXPENSE;10;2646,90;2026-03-16 01:23:23.078;Хобби;10
OPERATION;135;INCOME;9;47066,75;2026-03-16 01:23:23.078;Зарплата за September 2021;1
OPERATION;136;EXPENSE;7;2351,47;2026-03-16 01:23:23.078;Обед;7
OPERATION;137;EXPENSE;1;256,95;2026-03-16 01:23:23.078;Метро;8
OPERATION;138;INCOME;5;1957,88;2026-03-16 01:23:23.078;Кэшбэк;3
OPERATION;139;EXPENSE;3;3179,93;2026-03-16 01:23:23.078;Продукты;6
OPERATION;140;INCOME;10;47334,47;2026-03-16 01:23:23.078;Премия;2
OPERATION;141;EXPENSE;9;3105,44;2026-03-16 01:23:23.078;Обед;7
OPERATION;142;EXPENSE;4;4656,33;2026-03-16 01:23:23.078;Коммунальные услуги;9
OPERATION;143;EXPENSE;2;1348,16;2026-03-16 01:23:23.078;Бензин;8
OPERATION;144;EXPENSE;9;4627,13;2026-03-16 01:23:23.078;Кофе;7
OPERATION;145;EXPENSE;6;1831,27;2026-03-16 01:23:23.078;Такси;8
OPERATION;146;INCOME;7;45075,46;2026-03-16 01:23:23.078;Премия;2
OPERATION;147;EXPENSE;5;7593,41;2026-03-16 01:23:23.078;Продукты;6
OPERATION;148;EXPENSE;7;1601,76;2026-03-16 01:23:23.078;Бензин;8
OPERATION;149;INCOME;5;44245,69;2026-03-16 01:23:23.078;Премия;2
OPERATION;150;EXPENSE;1;245,59;2026-03-16 01:23:23.078;Метро;8
OPERATION;151;INCOME;1;80520,07;2026-03-16 01:23:23.078;Зарплата за October 2021;1
OPERATION;152;EXPENSE;2;1920,03;2026-03-16 01:23:23.078;Концерт;10
OPERATION;153;EXPENSE;1;507,36;2026-03-16 01:23:23.078;Такси;8
OPERATION;154;EXPENSE;9;793,55;2026-03-16 01:23:23.078;Такси;8
OPERATION;155;EXPENSE;6;1147,37;2026-03-16 01:23:23.078;Кофе;7
OPERATION;156;EXPENSE;7;1698,98;2026-03-16 01:23:23.078;Бензин;8
OPERATION;157;EXPENSE;10;8134,57;2026-03-16 01:23:23.078;Коммунальные услуги;9
OPERATION;158;EXPENSE;10;8101,93;2026-03-16 01:23:23.078;Коммунальные услуги;9
OPERATION;159;EXPENSE;9;1867,11;2026-03-16 01:23:23.078;Метро;8
OPERATION;160;EXPENSE;8;2415,89;2026-03-16 01:23:23.078;Продукты;6
OPERATION;161;INCOME;3;117923,86;2026-03-16 01:23:23.078;Зарплата за November 2021;1
OPERATION;162;INCOME;1;123245,57;2026-03-16 01:23:23.078;Зарплата за November 2021;1
OPERATION;163;EXPENSE;6;1389,82;2026-03-16 01:23:23.078;Бензин;8
OPERATION;164;EXPENSE;6;1794,08;2026-03-16 01:23:23.078;Такси;8
OPERATION;165;INCOME;5;45504,55;2026-03-16 01:23:23.078;Премия;2
OPERATION;166;EXPENSE;3;4760,94;2026-03-16 01:23:23.078;Кофе;7
OPERATION;167;EXPENSE;8;5708,04;2026-03-16 01:23:23.078;Продукты;6
OPERATION;168;EXPENSE;8;5675,96;2026-03-16 01:23:23.078;Продукты;6
OPERATION;169;EXPENSE;10;882,09;2026-03-16 01:23:23.078;Бензин;8
OPERATION;170;INCOME;3;104653,16;2026-03-16 01:23:23.078;Зарплата за November 2021;1
OPERATION;171;INCOME;4;46093,54;2026-03-16 01:23:23.078;Премия;2
OPERATION;172;EXPENSE;6;9724,88;2026-03-16 01:23:23.078;Коммунальные услуги;9
OPERATION;173;EXPENSE;10;1511,89;2026-03-16 01:23:23.078;Метро;8
OPERATION;174;EXPENSE;2;2169,28;2026-03-16 01:23:23.078;Коммунальные услуги;9
OPERATION;175;INCOME;2;49471,12;2026-03-16 01:23:23.078;Премия;2
OPERATION;176;INCOME;4;111564,79;2026-03-16 01:23:23.078;Зарплата за December 2021;1
OPERATION;177;EXPENSE;5;922,12;2026-03-16 01:23:23.078;Продукты;6
OPERATION;178;EXPENSE;5;679,96;2026-03-16 01:23:23.078;Продукты;6
OPERATION;179;INCOME;5;121130,60;2026-03-16 01:23:23.078;Зарплата за December 2021;1
OPERATION;180;INCOME;10;121248,69;2026-03-16 01:23:23.078;Зарплата за December 2021;1
OPERATION;181;EXPENSE;4;1752,85;2026-03-16 01:23:23.078;Бензин;8
OPERATION;182;INCOME;8;22786,43;2026-03-16 01:23:23.078;Премия;2
OPERATION;183;EXPENSE;4;5547,28;2026-03-16 01:23:23.078;Продукты;6
OPERATION;184;INCOME;8;34736,45;2026-03-16 01:23:23.078;Зарплата за December 2021;1
OPERATION;185;EXPENSE;9;733,31;2026-03-16 01:23:23.078;Кофе;7
OPERATION;186;EXPENSE;1;5806,05;2026-03-16 01:23:23.078;Концерт;10
OPERATION;187;INCOME;6;107636,85;2026-03-16 01:23:23.078;Зарплата за December 2021;1
OPERATION;188;EXPENSE;7;856,20;2026-03-16 01:23:23.078;Метро;8
OPERATION;189;INCOME;9;2279,97;2026-03-16 01:23:23.078;Кэшбэк;3
OPERATION;190;EXPENSE;9;6334,99;2026-03-16 01:23:23.078;Коммунальные услуги;9
OPERATION;191;EXPENSE;10;1488,09;2026-03-16 01:23:23.078;Такси;8
OPERATION;192;EXPENSE;10;4563,69;2026-03-16 01:23:23.078;Кино;10
OPERATION;193;EXPENSE;2;6859,33;2026-03-16 01:23:23.078;Продукты;6
OPERATION;194;EXPENSE;10;9617,78;2026-03-16 01:23:23.078;Коммунальные услуги;9
OPERATION;195;EXPENSE;2;9173,91;2026-03-16 01:23:23.078;Коммунальные услуги;9
OPERATION;196;EXPENSE;3;1623,46;2026-03-16 01:23:23.078;Бензин;8
OPERATION;197;INCOME;3;97360,45;2026-03-16 01:23:23.078;Зарплата за January 2022;1
OPERATION;198;INCOME;2;107924,65;2026-03-16 01:23:23.078;Зарплата за January 2022;1
OPERATION;199;EXPENSE;4;2499,76;2026-03-16 01:23:23.078;Коммунальные услуги;9
OPERATION;200;EXPENSE;8;1670,69;2026-03-16 01:23:23.078;Обед;7
OPERATION;201;EXPENSE;5;1773,88;2026-03-16 01:23:23.078;Обед;7
OPERATION;202;EXPENSE;8;2174,43;2026-03-16 01:23:23.078;Коммунальные услуги;9
OPERATION;203;EXPENSE;3;4131,93;2026-03-16 01:23:23.078;Обед;7
OPERATION;204;INCOME;8;144467,82;2026-03-16 01:23:23.078;Зарплата за January 2022;1
OPERATION;205;EXPENSE;1;8037,75;2026-03-16 01:23:23.078;Коммунальные услуги;9
OPERATION;206;EXPENSE;2;6335,34;2026-03-16 01:23:23.078;Продукты;6
OPERATION;207;EXPENSE;10;3553,81;2026-03-16 01:23:23.078;Обед;7
OPERATION;208;INCOME;2;39196,96;2026-03-16 01:23:23.078;Премия;2
OPERATION;209;EXPENSE;8;1740,23;2026-03-16 01:23:23.078;Продукты;6
OPERATION;210;INCOME;10;22892,61;2026-03-16 01:23:23.078;Премия;2
OPERATION;211;EXPENSE;10;9938,14;2026-03-16 01:23:23.078;Коммунальные услуги;9
OPERATION;212;EXPENSE;3;2000,92;2026-03-16 01:23:23.078;Кино;10
OPERATION;213;INCOME;1;31478,75;2026-03-16 01:23:23.078;Зарплата за February 2022;1
OPERATION;214;EXPENSE;10;1264,97;2026-03-16 01:23:23.078;Метро;8
OPERATION;215;INCOME;5;24720,30;2026-03-16 01:23:23.078;Премия;2
OPERATION;216;EXPENSE;3;9227,86;2026-03-16 01:23:23.078;Коммунальные услуги;9
OPERATION;217;INCOME;9;103883,00;2026-03-16 01:23:23.078;Зарплата за February 2022;1
OPERATION;218;EXPENSE;4;7562,73;2026-03-16 01:23:23.078;Коммунальные услуги;9
OPERATION;219;EXPENSE;7;2273,18;2026-03-16 01:23:23.078;Кино;10
OPERATION;220;EXPENSE;6;3169,15;2026-03-16 01:23:23.078;Коммунальные услуги;9
OPERATION;221;EXPENSE;6;3320,14;2026-03-16 01:23:23.078;Кофе;7
OPERATION;222;EXPENSE;10;4387,85;2026-03-16 01:23:23.078;Коммунальные услуги;9
OPERATION;223;INCOME;10;39059,74;2026-03-16 01:23:23.078;Премия;2
OPERATION;224;EXPENSE;6;2340,56;2026-03-16 01:23:23.078;Хобби;10
OPERATION;225;EXPENSE;6;2558,98;2026-03-16 01:23:23.078;Продукты;6
OPERATION;226;EXPENSE;5;4343,67;2026-03-16 01:23:23.078;Коммунальные услуги;9
OPERATION;227;EXPENSE;10;937,01;2026-03-16 01:23:23.078;Продукты;6
OPERATION;228;EXPENSE;2;5481,66;2026-03-16 01:23:23.078;Коммунальные услуги;9
OPERATION;229;EXPENSE;8;4598,90;2026-03-16 01:23:23.078;Коммунальные услуги;9
OPERATION;230;EXPENSE;4;3888,15;2026-03-16 01:23:23.078;Продукты;6
OPERATION;231;INCOME;8;144900,68;2026-03-16 01:23:23.078;Зарплата за March 2022;1
OPERATION;232;EXPENSE;7;1421,47;2026-03-16 01:23:23.078;Бензин;8
OPERATION;233;INCOME;4;147624,55;2026-03-16 01:23:23.078;Зарплата за March 2022;1
OPERATION;234;EXPENSE;6;3850,23;2026-03-16 01:23:23.078;Коммунальные услуги;9
OPERATION;235;EXPENSE;5;6696,76;2026-03-16 01:23:23.078;Коммунальные услуги;9
OPERATION;236;EXPENSE;9;1466,60;2026-03-16 01:23:23.078;Такси;8
OPERATION;237;EXPENSE;1;1496,42;2026-03-16 01:23:23.078;Кино;10
OPERATION;238;INCOME;3;68231,18;2026-03-16 01:23:23.078;Зарплата за March 2022;1
OPERATION;239;INCOME;7;109883,09;2026-03-16 01:23:23.078;Зарплата за March 2022;1
OPERATION;240;INCOME;7;2509,28;2026-03-16 01:23:23.078;Кэшбэк;3
OPERATION;241;EXPENSE;1;8741,98;2026-03-16 01:23:23.078;Коммунальные услуги;9
OPERATION;242;EXPENSE;7;5852,85;2026-03-16 01:23:23.078;Коммунальные услуги;9
OPERATION;243;EXPENSE;9;842,36;2026-03-16 01:23:23.078;Метро;8
OPERATION;244;EXPENSE;5;8445,23;2026-03-16 01:23:23.078;Коммунальные услуги;9
OPERATION;245;INCOME;7;29901,71;2026-03-16 01:23:23.078;Премия;2
OPERATION;246;EXPENSE;8;1598,78;2026-03-16 01:23:23.078;Ужин;7
OPERATION;247;EXPENSE;6;817,90;2026-03-16 01:23:23.078;Бензин;8
OPERATION;248;EXPENSE;1;7883,48;2026-03-16 01:23:23.078;Продукты;6
OPERATION;249;INCOME;10;40871,49;2026-03-16 01:23:23.078;Зарплата за April 2022;1
OPERATION;250;INCOME;3;32199,00;2026-03-16 01:23:23.078;Премия;2
OPERATION;251;EXPENSE;6;2337,44;2026-03-16 01:23:23.078;Продукты;6
OPERATION;252;INCOME;2;44760,92;2026-03-16 01:23:23.078;Зарплата за April 2022;1
OPERATION;253;INCOME;5;113807,25;2026-03-16 01:23:23.078;Зарплата за April 2022;1
OPERATION;254;INCOME;5;36311,44;2026-03-16 01:23:23.078;Зарплата за April 2022;1
OPERATION;255;EXPENSE;3;607,71;2026-03-16 01:23:23.078;Бензин;8
OPERATION;256;EXPENSE;10;2810,36;2026-03-16 01:23:23.078;Коммунальные услуги;9
OPERATION;257;INCOME;5;56831,70;2026-03-16 01:23:23.078;Зарплата за April 2022;1
OPERATION;258;EXPENSE;6;6009,98;2026-03-16 01:23:23.079;Продукты;6
OPERATION;259;INCOME;10;26890,60;2026-03-16 01:23:23.079;Премия;2
OPERATION;260;EXPENSE;6;3261,50;2026-03-16 01:23:23.079;Хобби;10
OPERATION;261;EXPENSE;9;6408,55;2026-03-16 01:23:23.079;Хобби;10
OPERATION;262;EXPENSE;6;2030,82;2026-03-16 01:23:23.079;Кофе;7
OPERATION;263;EXPENSE;1;2527,34;2026-03-16 01:23:23.079;Концерт;10
OPERATION;264;EXPENSE;4;4688,70;2026-03-16 01:23:23.079;Концерт;10
OPERATION;265;EXPENSE;6;6629,67;2026-03-16 01:23:23.079;Коммунальные услуги;9
OPERATION;266;INCOME;3;44965,59;2026-03-16 01:23:23.079;Премия;2
OPERATION;267;INCOME;3;7395,69;2026-03-16 01:23:23.079;Премия;2
OPERATION;268;EXPENSE;10;6697,39;2026-03-16 01:23:23.079;Коммунальные услуги;9
OPERATION;269;EXPENSE;7;1960,96;2026-03-16 01:23:23.079;Метро;8
OPERATION;270;EXPENSE;6;7737,98;2026-03-16 01:23:23.079;Коммунальные услуги;9
OPERATION;271;INCOME;6;12759,91;2026-03-16 01:23:23.079;Премия;2
OPERATION;272;INCOME;5;1861,96;2026-03-16 01:23:23.079;Кэшбэк;3
OPERATION;273;INCOME;8;24328,76;2026-03-16 01:23:23.079;Премия;2
OPERATION;274;EXPENSE;5;1918,28;2026-03-16 01:23:23.079;Бензин;8
OPERATION;275;EXPENSE;7;5551,26;2026-03-16 01:23:23.079;Продукты;6
OPERATION;276;EXPENSE;3;9250,56;2026-03-16 01:23:23.079;Коммунальные услуги;9
OPERATION;277;INCOME;1;1703,39;2026-03-16 01:23:23.079;Кэшбэк;3
OPERATION;278;EXPENSE;8;1510,79;2026-03-16 01:23:23.079;Такси;8
OPERATION;279;INCOME;9;2871,55;2026-03-16 01:23:23.079;Кэшбэк;3
OPERATION;280;EXPENSE;10;4740,13;2026-03-16 01:23:23.079;Кофе;7
OPERATION;281;EXPENSE;1;1801,49;2026-03-16 01:23:23.079;Продукты;6
OPERATION;282;EXPENSE;9;288,27;2026-03-16 01:23:23.079;Метро;8
OPERATION;283;EXPENSE;2;3600,52;2026-03-16 01:23:23.079;Обед;7
OPERATION;284;INCOME;2;116000,86;2026-03-16 01:23:23.079;Зарплата за June 2022;1
OPERATION;285;EXPENSE;6;5273,31;2026-03-16 01:23:23.079;Хобби;10
OPERATION;286;EXPENSE;8;695,68;2026-03-16 01:23:23.079;Метро;8
OPERATION;287;EXPENSE;8;2537,38;2026-03-16 01:23:23.079;Продукты;6
OPERATION;288;EXPENSE;8;1614,08;2026-03-16 01:23:23.079;Продукты;6
OPERATION;289;EXPENSE;3;744,63;2026-03-16 01:23:23.079;Метро;8
OPERATION;290;EXPENSE;1;5013,94;2026-03-16 01:23:23.079;Хобби;10
OPERATION;291;EXPENSE;5;1689,94;2026-03-16 01:23:23.079;Продукты;6
OPERATION;292;INCOME;6;87832,68;2026-03-16 01:23:23.079;Зарплата за June 2022;1
OPERATION;293;EXPENSE;1;2809,06;2026-03-16 01:23:23.079;Продукты;6
OPERATION;294;EXPENSE;9;1918,72;2026-03-16 01:23:23.079;Метро;8
OPERATION;295;EXPENSE;4;7902,54;2026-03-16 01:23:23.079;Коммунальные услуги;9
OPERATION;296;EXPENSE;10;2061,38;2026-03-16 01:23:23.079;Коммунальные услуги;9
OPERATION;297;INCOME;10;93242,33;2026-03-16 01:23:23.079;Зарплата за July 2022;1
OPERATION;298;INCOME;5;44971,76;2026-03-16 01:23:23.079;Премия;2
OPERATION;299;INCOME;5;64796,30;2026-03-16 01:23:23.079;Зарплата за July 2022;1
OPERATION;300;EXPENSE;10;3109,69;2026-03-16 01:23:23.079;Концерт;10
OPERATION;301;EXPENSE;5;1172,50;2026-03-16 01:23:23.079;Такси;8
OPERATION;302;EXPENSE;1;317,53;2026-03-16 01:23:23.079;Обед;7
OPERATION;303;EXPENSE;4;158,38;2026-03-16 01:23:23.079;Такси;8
OPERATION;304;EXPENSE;6;416,31;2026-03-16 01:23:23.079;Метро;8
OPERATION;305;INCOME;10;94983,31;2026-03-16 01:23:23.079;Зарплата за July 2022;1
OPERATION;306;EXPENSE;4;1977,91;2026-03-16 01:23:23.079;Такси;8
OPERATION;307;EXPENSE;6;5806,03;2026-03-16 01:23:23.079;Кино;10
OPERATION;308;EXPENSE;2;6399,90;2026-03-16 01:23:23.079;Продукты;6
OPERATION;309;EXPENSE;5;9606,25;2026-03-16 01:23:23.079;Коммунальные услуги;9
OPERATION;310;INCOME;2;19350,16;2026-03-16 01:23:23.079;Премия;2
OPERATION;311;EXPENSE;8;5706,73;2026-03-16 01:23:23.079;Кино;10
OPERATION;312;INCOME;9;45862,47;2026-03-16 01:23:23.079;Зарплата за July 2022;1
OPERATION;313;EXPENSE;2;4742,54;2026-03-16 01:23:23.079;Кофе;7
OPERATION;314;EXPENSE;6;1631,44;2026-03-16 01:23:23.079;Обед;7
OPERATION;315;EXPENSE;6;576,77;2026-03-16 01:23:23.079;Метро;8
OPERATION;316;INCOME;2;133226,14;2026-03-16 01:23:23.079;Зарплата за August 2022;1
OPERATION;317;EXPENSE;9;2299,34;2026-03-16 01:23:23.079;Продукты;6
OPERATION;318;INCOME;5;128461,28;2026-03-16 01:23:23.079;Зарплата за August 2022;1
OPERATION;319;EXPENSE;2;5237,96;2026-03-16 01:23:23.079;Хобби;10
OPERATION;320;INCOME;1;62826,22;2026-03-16 01:23:23.079;Зарплата за August 2022;1
OPERATION;321;INCOME;6;47987,51;2026-03-16 01:23:23.079;Премия;2
OPERATION;322;EXPENSE;9;480,76;2026-03-16 01:23:23.079;Такси;8
OPERATION;323;EXPENSE;2;3055,30;2026-03-16 01:23:23.079;Обед;7
OPERATION;324;EXPENSE;4;7827,25;2026-03-16 01:23:23.079;Продукты;6
OPERATION;325;INCOME;10;81803,06;2026-03-16 01:23:23.079;Зарплата за August 2022;1
OPERATION;326;INCOME;10;126390,43;2026-03-16 01:23:23.079;Зарплата за August 2022;1
OPERATION;327;INCOME;3;95198,39;2026-03-16 01:23:23.079;Зарплата за August 2022;1
OPERATION;328;EXPENSE;6;7332,15;2026-03-16 01:23:23.079;Продукты;6
OPERATION;329;EXPENSE;1;5002,89;2026-03-16 01:23:23.079;Коммунальные услуги;9
OPERATION;330;EXPENSE;7;5347,55;2026-03-16 01:23:23.079;Продукты;6
OPERATION;331;EXPENSE;1;4391,73;2026-03-16 01:23:23.079;Продукты;6
OPERATION;332;INCOME;7;104646,14;2026-03-16 01:23:23.079;Зарплата за August 2022;1
OPERATION;333;EXPENSE;5;4376,26;2026-03-16 01:23:23.079;Ужин;7
OPERATION;334;EXPENSE;7;830,49;2026-03-16 01:23:23.079;Кофе;7
OPERATION;335;INCOME;2;108289,44;2026-03-16 01:23:23.079;Зарплата за August 2022;1
OPERATION;336;INCOME;3;16679,03;2026-03-16 01:23:23.079;Премия;2
OPERATION;337;EXPENSE;6;7521,41;2026-03-16 01:23:23.079;Продукты;6
OPERATION;338;EXPENSE;2;1013,11;2026-03-16 01:23:23.079;Бензин;8
OPERATION;339;INCOME;8;28396,70;2026-03-16 01:23:23.079;Премия;2
OPERATION;340;EXPENSE;2;1971,62;2026-03-16 01:23:23.079;Такси;8
OPERATION;341;EXPENSE;3;1145,98;2026-03-16 01:23:23.079;Кино;10
OPERATION;342;EXPENSE;5;4540,48;2026-03-16 01:23:23.079;Кофе;7
OPERATION;343;EXPENSE;5;4737,47;2026-03-16 01:23:23.079;Обед;7
OPERATION;344;EXPENSE;8;3681,53;2026-03-16 01:23:23.079;Продукты;6
OPERATION;345;INCOME;2;39721,54;2026-03-16 01:23:23.079;Зарплата за September 2022;1
OPERATION;346;EXPENSE;7;4809,27;2026-03-16 01:23:23.079;Коммунальные услуги;9
OPERATION;347;EXPENSE;8;4516,34;2026-03-16 01:23:23.079;Продукты;6
OPERATION;348;EXPENSE;10;3493,04;2026-03-16 01:23:23.079;Кофе;7
OPERATION;349;EXPENSE;7;2405,42;2026-03-16 01:23:23.079;Коммунальные услуги;9
OPERATION;350;INCOME;5;1863,64;2026-03-16 01:23:23.079;Кэшбэк;3
OPERATION;351;EXPENSE;5;4252,58;2026-03-16 01:23:23.079;Продукты;6
OPERATION;352;INCOME;2;12416,40;2026-03-16 01:23:23.079;Премия;2
OPERATION;353;INCOME;4;118516,87;2026-03-16 01:23:23.079;Зарплата за September 2022;1
OPERATION;354;EXPENSE;1;321,01;2026-03-16 01:23:23.079;Бензин;8
OPERATION;355;EXPENSE;3;579,32;2026-03-16 01:23:23.079;Метро;8
OPERATION;356;EXPENSE;7;3795,31;2026-03-16 01:23:23.079;Кино;10
OPERATION;357;EXPENSE;5;2843,75;2026-03-16 01:23:23.079;Хобби;10
OPERATION;358;EXPENSE;8;1283,37;2026-03-16 01:23:23.079;Продукты;6
OPERATION;359;INCOME;7;946,44;2026-03-16 01:23:23.079;Кэшбэк;3
OPERATION;360;EXPENSE;4;6889,00;2026-03-16 01:23:23.079;Концерт;10
OPERATION;361;EXPENSE;10;7506,04;2026-03-16 01:23:23.079;Коммунальные услуги;9
OPERATION;362;EXPENSE;3;2092,06;2026-03-16 01:23:23.079;Продукты;6
OPERATION;363;INCOME;7;22138,27;2026-03-16 01:23:23.079;Премия;2
OPERATION;364;EXPENSE;3;8652,44;2026-03-16 01:23:23.079;Коммунальные услуги;9
OPERATION;365;EXPENSE;3;3367,08;2026-03-16 01:23:23.079;Продукты;6
OPERATION;366;EXPENSE;5;3198,72;2026-03-16 01:23:23.079;Обед;7
OPERATION;367;EXPENSE;2;1189,26;2026-03-16 01:23:23.079;Обед;7
OPERATION;368;EXPENSE;1;2576,11;2026-03-16 01:23:23.079;Хобби;10
OPERATION;369;EXPENSE;3;6042,53;2026-03-16 01:23:23.079;Продукты;6
OPERATION;370;EXPENSE;7;1378,65;2026-03-16 01:23:23.079;Обед;7
OPERATION;371;INCOME;10;18408,56;2026-03-16 01:23:23.079;Премия;2
OPERATION;372;EXPENSE;3;7000,39;2026-03-16 01:23:23.079;Продукты;6
OPERATION;373;EXPENSE;3;1534,78;2026-03-16 01:23:23.079;Ужин;7
OPERATION;374;EXPENSE;5;1312,90;2026-03-16 01:23:23.079;Метро;8
OPERATION;375;INCOME;3;129606,55;2026-03-16 01:23:23.079;Зарплата за November 2022;1
OPERATION;376;EXPENSE;9;3530,75;2026-03-16 01:23:23.079;Кофе;7
OPERATION;377;EXPENSE;4;3674,42;2026-03-16 01:23:23.079;Коммунальные услуги;9
OPERATION;378;INCOME;7;61481,87;2026-03-16 01:23:23.079;Зарплата за November 2022;1
OPERATION;379;INCOME;9;140955,43;2026-03-16 01:23:23.079;Зарплата за November 2022;1
OPERATION;380;EXPENSE;9;8299,20;2026-03-16 01:23:23.079;Коммунальные услуги;9
OPERATION;381;INCOME;7;127181,11;2026-03-16 01:23:23.079;Зарплата за November 2022;1
OPERATION;382;EXPENSE;9;6109,81;2026-03-16 01:23:23.079;Продукты;6
OPERATION;383;EXPENSE;10;1298,06;2026-03-16 01:23:23.079;Такси;8
OPERATION;384;EXPENSE;4;2601,83;2026-03-16 01:23:23.079;Кофе;7
OPERATION;385;EXPENSE;3;549,70;2026-03-16 01:23:23.079;Ужин;7
OPERATION;386;EXPENSE;6;1426,20;2026-03-16 01:23:23.079;Бензин;8
OPERATION;387;EXPENSE;10;3373,01;2026-03-16 01:23:23.079;Продукты;6
OPERATION;388;INCOME;5;37777,16;2026-03-16 01:23:23.079;Зарплата за December 2022;1
OPERATION;389;INCOME;4;82695,13;2026-03-16 01:23:23.079;Зарплата за December 2022;1
OPERATION;390;EXPENSE;6;7293,02;2026-03-16 01:23:23.079;Продукты;6
OPERATION;391;INCOME;9;34293,52;2026-03-16 01:23:23.079;Премия;2
OPERATION;392;INCOME;4;131524,16;2026-03-16 01:23:23.079;Зарплата за December 2022;1
OPERATION;393;INCOME;9;140977,13;2026-03-16 01:23:23.079;Зарплата за December 2022;1
OPERATION;394;INCOME;1;14516,28;2026-03-16 01:23:23.079;Премия;2
OPERATION;395;EXPENSE;10;6426,43;2026-03-16 01:23:23.079;Концерт;10
OPERATION;396;EXPENSE;6;1207,25;2026-03-16 01:23:23.079;Такси;8
OPERATION;397;EXPENSE;4;866,92;2026-03-16 01:23:23.079;Бензин;8
OPERATION;398;EXPENSE;8;9669,34;2026-03-16 01:23:23.079;Коммунальные услуги;9
OPERATION;399;INCOME;8;134903,86;2026-03-16 01:23:23.079;Зарплата за December 2022;1
OPERATION;400;INCOME;1;43988,20;2026-03-16 01:23:23.079;Зарплата за December 2022;1
OPERATION;401;INCOME;3;46726,84;2026-03-16 01:23:23.079;Зарплата за January 2023;1
OPERATION;402;EXPENSE;4;3937,98;2026-03-16 01:23:23.079;Кино;10
OPERATION;403;EXPENSE;6;2122,61;2026-03-16 01:23:23.079;Кино;10
OPERATION;404;INCOME;5;137001,06;2026-03-16 01:23:23.079;Зарплата за January 2023;1
OPERATION;405;EXPENSE;3;845,63;2026-03-16 01:23:23.079;Ужин;7
OPERATION;406;EXPENSE;8;653,33;2026-03-16 01:23:23.079;Метро;8
OPERATION;407;EXPENSE;7;3279,86;2026-03-16 01:23:23.079;Ужин;7
OPERATION;408;EXPENSE;5;1491,37;2026-03-16 01:23:23.079;Такси;8
OPERATION;409;INCOME;10;100123,72;2026-03-16 01:23:23.079;Зарплата за January 2023;1
OPERATION;410;INCOME;5;39648,40;2026-03-16 01:23:23.079;Зарплата за January 2023;1
OPERATION;411;EXPENSE;4;2700,59;2026-03-16 01:23:23.079;Хобби;10
OPERATION;412;INCOME;10;11026,05;2026-03-16 01:23:23.079;Премия;2
OPERATION;413;INCOME;6;143745,12;2026-03-16 01:23:23.079;Зарплата за January 2023;1
OPERATION;414;EXPENSE;3;8067,63;2026-03-16 01:23:23.079;Коммунальные услуги;9
OPERATION;415;EXPENSE;4;1179,07;2026-03-16 01:23:23.079;Продукты;6
OPERATION;416;EXPENSE;8;1262,39;2026-03-16 01:23:23.079;Продукты;6
OPERATION;417;INCOME;9;15062,75;2026-03-16 01:23:23.079;Премия;2
OPERATION;418;EXPENSE;5;7888,88;2026-03-16 01:23:23.079;Продукты;6
OPERATION;419;INCOME;7;130455,09;2026-03-16 01:23:23.079;Зарплата за February 2023;1
OPERATION;420;EXPENSE;10;1121,42;2026-03-16 01:23:23.079;Бензин;8
OPERATION;421;EXPENSE;3;1817,14;2026-03-16 01:23:23.079;Бензин;8
OPERATION;422;EXPENSE;9;4144,06;2026-03-16 01:23:23.079;Коммунальные услуги;9
OPERATION;423;INCOME;6;1328,82;2026-03-16 01:23:23.079;Кэшбэк;3
OPERATION;424;EXPENSE;3;3597,93;2026-03-16 01:23:23.079;Коммунальные услуги;9
OPERATION;425;EXPENSE;8;3982,98;2026-03-16 01:23:23.079;Кофе;7
OPERATION;426;EXPENSE;3;5729,30;2026-03-16 01:23:23.079;Концерт;10
OPERATION;427;INCOME;2;122191,13;2026-03-16 01:23:23.079;Зарплата за February 2023;1
OPERATION;428;EXPENSE;3;2224,85;2026-03-16 01:23:23.079;Коммунальные услуги;9
OPERATION;429;EXPENSE;3;7867,15;2026-03-16 01:23:23.079;Коммунальные услуги;9
OPERATION;430;EXPENSE;7;4364,88;2026-03-16 01:23:23.079;Коммунальные услуги;9
OPERATION;431;EXPENSE;3;3826,91;2026-03-16 01:23:23.079;Хобби;10
OPERATION;432;INCOME;7;45646,26;2026-03-16 01:23:23.079;Премия;2
OPERATION;433;INCOME;3;24387,06;2026-03-16 01:23:23.079;Премия;2
OPERATION;434;EXPENSE;2;1240,37;2026-03-16 01:23:23.079;Бензин;8
OPERATION;435;EXPENSE;4;767,45;2026-03-16 01:23:23.079;Кофе;7
OPERATION;436;EXPENSE;7;4595,49;2026-03-16 01:23:23.079;Обед;7
OPERATION;437;INCOME;10;37456,06;2026-03-16 01:23:23.079;Зарплата за March 2023;1
OPERATION;438;EXPENSE;10;2275,60;2026-03-16 01:23:23.079;Коммунальные услуги;9
OPERATION;439;INCOME;7;137261,49;2026-03-16 01:23:23.079;Зарплата за March 2023;1
OPERATION;440;INCOME;8;137120,20;2026-03-16 01:23:23.079;Зарплата за March 2023;1
OPERATION;441;EXPENSE;1;261,70;2026-03-16 01:23:23.079;Такси;8
OPERATION;442;EXPENSE;1;4175,07;2026-03-16 01:23:23.079;Продукты;6
OPERATION;443;EXPENSE;6;4391,04;2026-03-16 01:23:23.080;Хобби;10
OPERATION;444;EXPENSE;1;964,80;2026-03-16 01:23:23.080;Продукты;6
OPERATION;445;INCOME;4;117691,92;2026-03-16 01:23:23.080;Зарплата за March 2023;1
OPERATION;446;EXPENSE;5;5241,73;2026-03-16 01:23:23.080;Хобби;10
OPERATION;447;EXPENSE;7;5435,23;2026-03-16 01:23:23.080;Кино;10
OPERATION;448;EXPENSE;7;3539,03;2026-03-16 01:23:23.080;Кофе;7
OPERATION;449;INCOME;4;86535,02;2026-03-16 01:23:23.080;Зарплата за March 2023;1
OPERATION;450;EXPENSE;2;982,33;2026-03-16 01:23:23.080;Такси;8
OPERATION;451;EXPENSE;2;647,81;2026-03-16 01:23:23.080;Обед;7
OPERATION;452;EXPENSE;3;1229,16;2026-03-16 01:23:23.080;Продукты;6
OPERATION;453;INCOME;6;16159,15;2026-03-16 01:23:23.080;Премия;2
OPERATION;454;EXPENSE;1;3597,82;2026-03-16 01:23:23.080;Хобби;10
OPERATION;455;EXPENSE;4;4618,29;2026-03-16 01:23:23.080;Концерт;10
OPERATION;456;EXPENSE;8;6426,71;2026-03-16 01:23:23.080;Коммунальные услуги;9
OPERATION;457;INCOME;8;35026,29;2026-03-16 01:23:23.080;Премия;2
OPERATION;458;EXPENSE;3;3892,58;2026-03-16 01:23:23.080;Кофе;7
OPERATION;459;INCOME;7;29333,14;2026-03-16 01:23:23.080;Премия;2
OPERATION;460;EXPENSE;9;1206,82;2026-03-16 01:23:23.080;Ужин;7
OPERATION;461;EXPENSE;1;5997,00;2026-03-16 01:23:23.080;Продукты;6
OPERATION;462;INCOME;1;108075,95;2026-03-16 01:23:23.080;Зарплата за April 2023;1
OPERATION;463;EXPENSE;3;981,27;2026-03-16 01:23:23.080;Метро;8
OPERATION;464;EXPENSE;8;1690,20;2026-03-16 01:23:23.080;Бензин;8
OPERATION;465;EXPENSE;1;6133,81;2026-03-16 01:23:23.080;Кино;10
OPERATION;466;EXPENSE;10;6131,34;2026-03-16 01:23:23.080;Концерт;10
OPERATION;467;INCOME;5;15823,59;2026-03-16 01:23:23.080;Премия;2
OPERATION;468;EXPENSE;1;6551,46;2026-03-16 01:23:23.080;Продукты;6
OPERATION;469;EXPENSE;2;6770,61;2026-03-16 01:23:23.080;Продукты;6
OPERATION;470;EXPENSE;5;8462,45;2026-03-16 01:23:23.080;Коммунальные услуги;9
OPERATION;471;INCOME;4;44650,13;2026-03-16 01:23:23.080;Зарплата за April 2023;1
OPERATION;472;EXPENSE;10;3162,93;2026-03-16 01:23:23.080;Продукты;6
OPERATION;473;EXPENSE;10;5302,75;2026-03-16 01:23:23.080;Продукты;6
OPERATION;474;EXPENSE;5;1314,08;2026-03-16 01:23:23.080;Бензин;8
OPERATION;475;EXPENSE;5;4027,36;2026-03-16 01:23:23.080;Кино;10
OPERATION;476;INCOME;2;99511,19;2026-03-16 01:23:23.080;Зарплата за May 2023;1
OPERATION;477;EXPENSE;3;468,19;2026-03-16 01:23:23.080;Метро;8
OPERATION;478;EXPENSE;7;7712,45;2026-03-16 01:23:23.080;Коммунальные услуги;9
OPERATION;479;INCOME;1;42236,24;2026-03-16 01:23:23.080;Премия;2
OPERATION;480;EXPENSE;7;2140,73;2026-03-16 01:23:23.080;Хобби;10
OPERATION;481;EXPENSE;1;2466,91;2026-03-16 01:23:23.080;Коммунальные услуги;9
OPERATION;482;INCOME;8;45380,07;2026-03-16 01:23:23.080;Зарплата за May 2023;1
OPERATION;483;EXPENSE;10;7183,48;2026-03-16 01:23:23.080;Коммунальные услуги;9
OPERATION;484;EXPENSE;3;1907,78;2026-03-16 01:23:23.080;Ужин;7
OPERATION;485;INCOME;1;95503,23;2026-03-16 01:23:23.080;Зарплата за May 2023;1
OPERATION;486;EXPENSE;6;3373,30;2026-03-16 01:23:23.080;Продукты;6
OPERATION;487;EXPENSE;3;6096,13;2026-03-16 01:23:23.080;Концерт;10
OPERATION;488;INCOME;5;33424,83;2026-03-16 01:23:23.080;Зарплата за May 2023;1
OPERATION;489;EXPENSE;7;902,69;2026-03-16 01:23:23.080;Продукты;6
OPERATION;490;INCOME;7;130633,49;2026-03-16 01:23:23.080;Зарплата за May 2023;1
OPERATION;491;INCOME;10;2120,73;2026-03-16 01:23:23.080;Кэшбэк;3
OPERATION;492;EXPENSE;8;2312,45;2026-03-16 01:23:23.080;Кофе;7
OPERATION;493;EXPENSE;10;1389,63;2026-03-16 01:23:23.080;Кофе;7
OPERATION;494;EXPENSE;5;2479,73;2026-03-16 01:23:23.080;Кино;10
OPERATION;495;EXPENSE;10;576,85;2026-03-16 01:23:23.080;Продукты;6
OPERATION;496;EXPENSE;2;312,66;2026-03-16 01:23:23.080;Обед;7
OPERATION;497;EXPENSE;10;6840,88;2026-03-16 01:23:23.080;Хобби;10
OPERATION;498;EXPENSE;9;1302,54;2026-03-16 01:23:23.080;Продукты;6
OPERATION;499;EXPENSE;3;2888,38;2026-03-16 01:23:23.080;Обед;7
OPERATION;500;EXPENSE;10;3453,51;2026-03-16 01:23:23.080;Ужин;7
OPERATION;501;EXPENSE;1;1278,09;2026-03-16 01:23:23.080;Кофе;7
OPERATION;502;INCOME;10;27335,01;2026-03-16 01:23:23.080;Премия;2
OPERATION;503;INCOME;10;11753,89;2026-03-16 01:23:23.080;Премия;2
OPERATION;504;EXPENSE;5;3643,77;2026-03-16 01:23:23.080;Продукты;6
OPERATION;505;EXPENSE;1;793,30;2026-03-16 01:23:23.080;Бензин;8
OPERATION;506;EXPENSE;2;5286,08;2026-03-16 01:23:23.080;Хобби;10
OPERATION;507;EXPENSE;5;6960,52;2026-03-16 01:23:23.080;Продукты;6
OPERATION;508;INCOME;10;108890,84;2026-03-16 01:23:23.080;Зарплата за June 2023;1
OPERATION;509;INCOME;10;45005,18;2026-03-16 01:23:23.080;Зарплата за June 2023;1
OPERATION;510;EXPENSE;2;5200,06;2026-03-16 01:23:23.080;Концерт;10
OPERATION;511;INCOME;8;26654,15;2026-03-16 01:23:23.080;Премия;2
OPERATION;512;EXPENSE;1;4412,86;2026-03-16 01:23:23.080;Кино;10
OPERATION;513;EXPENSE;7;9220,73;2026-03-16 01:23:23.080;Коммунальные услуги;9
OPERATION;514;EXPENSE;6;3314,28;2026-03-16 01:23:23.080;Концерт;10
OPERATION;515;EXPENSE;5;3616,20;2026-03-16 01:23:23.080;Обед;7
OPERATION;516;EXPENSE;6;1037,83;2026-03-16 01:23:23.080;Кино;10
OPERATION;517;EXPENSE;9;3454,45;2026-03-16 01:23:23.080;Обед;7
OPERATION;518;INCOME;10;115204,49;2026-03-16 01:23:23.080;Зарплата за July 2023;1
OPERATION;519;EXPENSE;5;4324,21;2026-03-16 01:23:23.080;Хобби;10
OPERATION;520;EXPENSE;3;6497,11;2026-03-16 01:23:23.080;Продукты;6
OPERATION;521;EXPENSE;1;2939,74;2026-03-16 01:23:23.080;Коммунальные услуги;9
OPERATION;522;EXPENSE;2;6825,93;2026-03-16 01:23:23.080;Кино;10
OPERATION;523;EXPENSE;5;1981,13;2026-03-16 01:23:23.080;Обед;7
OPERATION;524;EXPENSE;3;353,65;2026-03-16 01:23:23.080;Бензин;8
OPERATION;525;EXPENSE;2;1622,04;2026-03-16 01:23:23.080;Бензин;8
OPERATION;526;EXPENSE;6;2766,75;2026-03-16 01:23:23.080;Коммунальные услуги;9
OPERATION;527;EXPENSE;1;6974,55;2026-03-16 01:23:23.080;Кино;10
OPERATION;528;INCOME;6;97754,31;2026-03-16 01:23:23.080;Зарплата за July 2023;1
OPERATION;529;EXPENSE;4;571,94;2026-03-16 01:23:23.080;Такси;8
OPERATION;530;INCOME;6;127899,05;2026-03-16 01:23:23.080;Зарплата за July 2023;1
OPERATION;531;EXPENSE;5;420,30;2026-03-16 01:23:23.080;Такси;8
OPERATION;532;INCOME;7;18121,85;2026-03-16 01:23:23.080;Премия;2
OPERATION;533;INCOME;1;42447,35;2026-03-16 01:23:23.080;Премия;2
OPERATION;534;EXPENSE;1;6028,88;2026-03-16 01:23:23.080;Продукты;6
OPERATION;535;EXPENSE;10;3109,98;2026-03-16 01:23:23.080;Коммунальные услуги;9
OPERATION;536;EXPENSE;7;3312,07;2026-03-16 01:23:23.080;Ужин;7
OPERATION;537;EXPENSE;8;4031,24;2026-03-16 01:23:23.080;Продукты;6
OPERATION;538;EXPENSE;3;1912,61;2026-03-16 01:23:23.080;Метро;8
OPERATION;539;EXPENSE;1;1458,93;2026-03-16 01:23:23.080;Кино;10
OPERATION;540;EXPENSE;3;1470,30;2026-03-16 01:23:23.080;Такси;8
OPERATION;541;EXPENSE;4;5137,69;2026-03-16 01:23:23.080;Коммунальные услуги;9
OPERATION;542;EXPENSE;6;2314,05;2026-03-16 01:23:23.080;Обед;7
OPERATION;543;EXPENSE;8;7125,82;2026-03-16 01:23:23.080;Продукты;6
OPERATION;544;EXPENSE;2;4830,94;2026-03-16 01:23:23.080;Кофе;7
OPERATION;545;EXPENSE;6;5222,99;2026-03-16 01:23:23.080;Кино;10
OPERATION;546;EXPENSE;3;5850,45;2026-03-16 01:23:23.080;Кино;10
OPERATION;547;EXPENSE;8;1507,53;2026-03-16 01:23:23.080;Метро;8
OPERATION;548;EXPENSE;4;2652,27;2026-03-16 01:23:23.080;Обед;7
OPERATION;549;EXPENSE;7;2029,82;2026-03-16 01:23:23.080;Коммунальные услуги;9
OPERATION;550;EXPENSE;3;7164,09;2026-03-16 01:23:23.080;Коммунальные услуги;9
OPERATION;551;EXPENSE;4;3447,80;2026-03-16 01:23:23.080;Кофе;7
OPERATION;552;INCOME;10;144167,63;2026-03-16 01:23:23.080;Зарплата за September 2023;1
OPERATION;553;EXPENSE;5;2227,79;2026-03-16 01:23:23.080;Обед;7
OPERATION;554;INCOME;9;48946,06;2026-03-16 01:23:23.080;Премия;2
OPERATION;555;EXPENSE;1;507,67;2026-03-16 01:23:23.080;Такси;8
OPERATION;556;INCOME;4;61417,40;2026-03-16 01:23:23.080;Зарплата за September 2023;1
OPERATION;557;EXPENSE;3;2802,34;2026-03-16 01:23:23.080;Коммунальные услуги;9
OPERATION;558;EXPENSE;9;1936,89;2026-03-16 01:23:23.080;Хобби;10
OPERATION;559;EXPENSE;6;6567,44;2026-03-16 01:23:23.080;Концерт;10
OPERATION;560;EXPENSE;9;3736,13;2026-03-16 01:23:23.080;Обед;7
OPERATION;561;INCOME;2;13691,58;2026-03-16 01:23:23.080;Премия;2
OPERATION;562;EXPENSE;5;5081,84;2026-03-16 01:23:23.080;Хобби;10
OPERATION;563;EXPENSE;1;3455,47;2026-03-16 01:23:23.080;Продукты;6
OPERATION;564;INCOME;8;47889,82;2026-03-16 01:23:23.080;Премия;2
OPERATION;565;EXPENSE;4;3946,72;2026-03-16 01:23:23.080;Хобби;10
OPERATION;566;EXPENSE;4;750,03;2026-03-16 01:23:23.080;Метро;8
OPERATION;567;EXPENSE;4;3543,74;2026-03-16 01:23:23.080;Кино;10
OPERATION;568;EXPENSE;7;6348,32;2026-03-16 01:23:23.080;Коммунальные услуги;9
OPERATION;569;INCOME;6;16928,57;2026-03-16 01:23:23.080;Премия;2
OPERATION;570;EXPENSE;2;3231,78;2026-03-16 01:23:23.080;Кино;10
OPERATION;571;EXPENSE;8;368,90;2026-03-16 01:23:23.080;Ужин;7
OPERATION;572;EXPENSE;8;1975,70;2026-03-16 01:23:23.080;Бензин;8
OPERATION;573;EXPENSE;3;8592,94;2026-03-16 01:23:23.080;Коммунальные услуги;9
OPERATION;574;EXPENSE;6;1166,27;2026-03-16 01:23:23.080;Кино;10
OPERATION;575;EXPENSE;7;3448,01;2026-03-16 01:23:23.080;Продукты;6
OPERATION;576;INCOME;5;143839,70;2026-03-16 01:23:23.080;Зарплата за October 2023;1
OPERATION;577;EXPENSE;1;2426,06;2026-03-16 01:23:23.080;Коммунальные услуги;9
OPERATION;578;EXPENSE;1;1616,12;2026-03-16 01:23:23.080;Такси;8
OPERATION;579;INCOME;8;78995,71;2026-03-16 01:23:23.080;Зарплата за November 2023;1
OPERATION;580;INCOME;6;133274,57;2026-03-16 01:23:23.080;Зарплата за November 2023;1
OPERATION;581;INCOME;5;60720,52;2026-03-16 01:23:23.080;Зарплата за November 2023;1
OPERATION;582;EXPENSE;3;482,88;2026-03-16 01:23:23.080;Такси;8
OPERATION;583;INCOME;7;117099,42;2026-03-16 01:23:23.080;Зарплата за November 2023;1
OPERATION;584;EXPENSE;10;1270,28;2026-03-16 01:23:23.080;Бензин;8
OPERATION;585;EXPENSE;9;1084,33;2026-03-16 01:23:23.080;Ужин;7
OPERATION;586;INCOME;1;21051,62;2026-03-16 01:23:23.080;Премия;2
OPERATION;587;EXPENSE;1;3126,77;2026-03-16 01:23:23.080;Кофе;7
OPERATION;588;EXPENSE;3;2947,11;2026-03-16 01:23:23.080;Кино;10
OPERATION;589;EXPENSE;10;2482,81;2026-03-16 01:23:23.080;Коммунальные услуги;9
OPERATION;590;INCOME;3;49613,48;2026-03-16 01:23:23.080;Премия;2
OPERATION;591;EXPENSE;3;4615,37;2026-03-16 01:23:23.080;Продукты;6
OPERATION;592;EXPENSE;7;694,04;2026-03-16 01:23:23.080;Бензин;8
OPERATION;593;EXPENSE;7;1917,50;2026-03-16 01:23:23.080;Ужин;7
OPERATION;594;EXPENSE;6;2003,83;2026-03-16 01:23:23.080;Коммунальные услуги;9
OPERATION;595;EXPENSE;9;3932,21;2026-03-16 01:23:23.080;Продукты;6
OPERATION;596;EXPENSE;7;3986,98;2026-03-16 01:23:23.080;Продукты;6
OPERATION;597;INCOME;4;25855,04;2026-03-16 01:23:23.080;Премия;2
OPERATION;598;INCOME;6;7116,76;2026-03-16 01:23:23.080;Премия;2
OPERATION;599;EXPENSE;8;1860,23;2026-03-16 01:23:23.080;Такси;8
OPERATION;600;EXPENSE;5;5345,59;2026-03-16 01:23:23.080;Продукты;6
OPERATION;601;EXPENSE;9;6105,88;2026-03-16 01:23:23.080;Продукты;6
OPERATION;602;EXPENSE;2;5284,75;2026-03-16 01:23:23.080;Продукты;6
OPERATION;603;EXPENSE;2;6407,62;2026-03-16 01:23:23.080;Коммунальные услуги;9
OPERATION;604;EXPENSE;8;5181,58;2026-03-16 01:23:23.080;Продукты;6
OPERATION;605;INCOME;6;64675,46;2026-03-16 01:23:23.080;Зарплата за January 2024;1
OPERATION;606;EXPENSE;8;487,25;2026-03-16 01:23:23.080;Кофе;7
OPERATION;607;INCOME;1;101050,82;2026-03-16 01:23:23.080;Зарплата за January 2024;1
OPERATION;608;EXPENSE;5;4498,28;2026-03-16 01:23:23.080;Коммунальные услуги;9
OPERATION;609;EXPENSE;9;1770,22;2026-03-16 01:23:23.080;Бензин;8
OPERATION;610;EXPENSE;10;8029,04;2026-03-16 01:23:23.080;Коммунальные услуги;9
OPERATION;611;EXPENSE;7;2292,54;2026-03-16 01:23:23.080;Обед;7
OPERATION;612;EXPENSE;5;1951,69;2026-03-16 01:23:23.080;Бензин;8
OPERATION;613;INCOME;9;28063,52;2026-03-16 01:23:23.080;Премия;2
OPERATION;614;EXPENSE;5;8282,05;2026-03-16 01:23:23.080;Коммунальные услуги;9
OPERATION;615;EXPENSE;5;1237,73;2026-03-16 01:23:23.080;Бензин;8
OPERATION;616;EXPENSE;5;4793,59;2026-03-16 01:23:23.080;Хобби;10
OPERATION;617;EXPENSE;5;6123,05;2026-03-16 01:23:23.080;Хобби;10
OPERATION;618;EXPENSE;1;5553,03;2026-03-16 01:23:23.080;Продукты;6
OPERATION;619;EXPENSE;1;7822,56;2026-03-16 01:23:23.080;Продукты;6
OPERATION;620;EXPENSE;3;496,21;2026-03-16 01:23:23.080;Обед;7
OPERATION;621;EXPENSE;7;2304,35;2026-03-16 01:23:23.080;Обед;7
OPERATION;622;EXPENSE;10;1591,24;2026-03-16 01:23:23.080;Метро;8
OPERATION;623;EXPENSE;5;7912,08;2026-03-16 01:23:23.080;Коммунальные услуги;9
OPERATION;624;EXPENSE;4;5877,52;2026-03-16 01:23:23.080;Коммунальные услуги;9
OPERATION;625;INCOME;5;9686,14;2026-03-16 01:23:23.080;Премия;2
OPERATION;626;INCOME;7;51058,47;2026-03-16 01:23:23.080;Зарплата за February 2024;1
OPERATION;627;EXPENSE;10;1227,62;2026-03-16 01:23:23.080;Хобби;10
OPERATION;628;INCOME;2;71894,31;2026-03-16 01:23:23.080;Зарплата за March 2024;1
OPERATION;629;EXPENSE;2;6027,92;2026-03-16 01:23:23.080;Коммунальные услуги;9
OPERATION;630;INCOME;1;109181,73;2026-03-16 01:23:23.080;Зарплата за March 2024;1
OPERATION;631;EXPENSE;7;3689,19;2026-03-16 01:23:23.080;Коммунальные услуги;9
OPERATION;632;INCOME;4;21928,76;2026-03-16 01:23:23.080;Премия;2
OPERATION;633;EXPENSE;3;4854,46;2026-03-16 01:23:23.080;Кино;10
OPERATION;634;EXPENSE;2;1766,27;2026-03-16 01:23:23.080;Такси;8
OPERATION;635;EXPENSE;3;7684,24;2026-03-16 01:23:23.080;Продукты;6
OPERATION;636;INCOME;9;1224,55;2026-03-16 01:23:23.080;Кэшбэк;3
OPERATION;637;EXPENSE;4;606,60;2026-03-16 01:23:23.080;Метро;8
OPERATION;638;INCOME;7;27771,57;2026-03-16 01:23:23.080;Премия;2
OPERATION;639;EXPENSE;2;2886,55;2026-03-16 01:23:23.080;Продукты;6
OPERATION;640;INCOME;6;58593,96;2026-03-16 01:23:23.080;Зарплата за March 2024;1
OPERATION;641;EXPENSE;6;2843,47;2026-03-16 01:23:23.080;Обед;7
OPERATION;642;EXPENSE;1;430,71;2026-03-16 01:23:23.080;Бензин;8
OPERATION;643;EXPENSE;10;557,96;2026-03-16 01:23:23.080;Обед;7
OPERATION;644;EXPENSE;9;7862,48;2026-03-16 01:23:23.080;Коммунальные услуги;9
OPERATION;645;INCOME;6;18317,88;2026-03-16 01:23:23.080;Премия;2
OPERATION;646;EXPENSE;2;3124,68;2026-03-16 01:23:23.080;Коммунальные услуги;9
OPERATION;647;INCOME;2;2147,76;2026-03-16 01:23:23.080;Кэшбэк;3
OPERATION;648;EXPENSE;7;2707,78;2026-03-16 01:23:23.080;Коммунальные услуги;9
OPERATION;649;INCOME;2;43404,40;2026-03-16 01:23:23.080;Премия;2
OPERATION;650;EXPENSE;6;1189,52;2026-03-16 01:23:23.080;Метро;8
OPERATION;651;EXPENSE;7;6345,81;2026-03-16 01:23:23.080;Коммунальные услуги;9
OPERATION;652;INCOME;1;25458,55;2026-03-16 01:23:23.080;Премия;2
OPERATION;653;INCOME;2;48919,88;2026-03-16 01:23:23.080;Зарплата за April 2024;1
OPERATION;654;INCOME;7;48180,76;2026-03-16 01:23:23.080;Премия;2
OPERATION;655;EXPENSE;10;3407,15;2026-03-16 01:23:23.080;Коммунальные услуги;9
OPERATION;656;EXPENSE;3;1838,33;2026-03-16 01:23:23.080;Метро;8
OPERATION;657;INCOME;1;100170,59;2026-03-16 01:23:23.080;Зарплата за April 2024;1
OPERATION;658;EXPENSE;1;1959,91;2026-03-16 01:23:23.080;Бензин;8
OPERATION;659;INCOME;6;2840,91;2026-03-16 01:23:23.080;Кэшбэк;3
OPERATION;660;EXPENSE;9;3787,05;2026-03-16 01:23:23.080;Коммунальные услуги;9
OPERATION;661;INCOME;8;8068,60;2026-03-16 01:23:23.080;Премия;2
OPERATION;662;EXPENSE;7;1310,68;2026-03-16 01:23:23.080;Продукты;6
OPERATION;663;INCOME;7;110191,61;2026-03-16 01:23:23.080;Зарплата за May 2024;1
OPERATION;664;EXPENSE;5;503,71;2026-03-16 01:23:23.080;Такси;8
OPERATION;665;INCOME;3;64658,88;2026-03-16 01:23:23.080;Зарплата за May 2024;1
OPERATION;666;INCOME;9;41732,63;2026-03-16 01:23:23.080;Зарплата за May 2024;1
OPERATION;667;EXPENSE;9;1935,84;2026-03-16 01:23:23.080;Такси;8
OPERATION;668;EXPENSE;5;2353,99;2026-03-16 01:23:23.080;Кино;10
OPERATION;669;INCOME;8;136152,96;2026-03-16 01:23:23.080;Зарплата за May 2024;1
OPERATION;670;EXPENSE;8;5703,89;2026-03-16 01:23:23.080;Коммунальные услуги;9
OPERATION;671;INCOME;10;49690,36;2026-03-16 01:23:23.080;Премия;2
OPERATION;672;EXPENSE;4;5561,07;2026-03-16 01:23:23.080;Коммунальные услуги;9
OPERATION;673;EXPENSE;3;3570,39;2026-03-16 01:23:23.080;Ужин;7
OPERATION;674;INCOME;9;115971,11;2026-03-16 01:23:23.080;Зарплата за June 2024;1
OPERATION;675;EXPENSE;9;7910,99;2026-03-16 01:23:23.080;Продукты;6
OPERATION;676;EXPENSE;3;5764,88;2026-03-16 01:23:23.080;Кино;10
OPERATION;677;EXPENSE;8;1349,92;2026-03-16 01:23:23.081;Метро;8
OPERATION;678;INCOME;4;41962,37;2026-03-16 01:23:23.081;Зарплата за June 2024;1
OPERATION;679;INCOME;3;40853,07;2026-03-16 01:23:23.081;Премия;2
OPERATION;680;EXPENSE;1;1466,60;2026-03-16 01:23:23.081;Такси;8
OPERATION;681;INCOME;9;2389,87;2026-03-16 01:23:23.081;Кэшбэк;3
OPERATION;682;EXPENSE;7;2704,10;2026-03-16 01:23:23.081;Обед;7
OPERATION;683;EXPENSE;4;4382,84;2026-03-16 01:23:23.081;Кофе;7
OPERATION;684;EXPENSE;3;2333,28;2026-03-16 01:23:23.081;Продукты;6
OPERATION;685;INCOME;8;100058,72;2026-03-16 01:23:23.081;Зарплата за June 2024;1
OPERATION;686;EXPENSE;6;9697,85;2026-03-16 01:23:23.081;Коммунальные услуги;9
OPERATION;687;EXPENSE;2;6557,11;2026-03-16 01:23:23.081;Продукты;6
OPERATION;688;EXPENSE;3;3091,94;2026-03-16 01:23:23.081;Кофе;7
OPERATION;689;INCOME;5;133088,88;2026-03-16 01:23:23.081;Зарплата за June 2024;1
OPERATION;690;EXPENSE;4;1567,92;2026-03-16 01:23:23.081;Такси;8
OPERATION;691;INCOME;2;39852,57;2026-03-16 01:23:23.081;Премия;2
OPERATION;692;EXPENSE;8;1648,81;2026-03-16 01:23:23.081;Такси;8
OPERATION;693;EXPENSE;7;8992,20;2026-03-16 01:23:23.081;Коммунальные услуги;9
OPERATION;694;EXPENSE;10;8179,21;2026-03-16 01:23:23.081;Коммунальные услуги;9
OPERATION;695;INCOME;5;59028,67;2026-03-16 01:23:23.081;Зарплата за July 2024;1
OPERATION;696;EXPENSE;5;6930,28;2026-03-16 01:23:23.081;Продукты;6
OPERATION;697;EXPENSE;10;7818,94;2026-03-16 01:23:23.081;Продукты;6
OPERATION;698;EXPENSE;5;4791,94;2026-03-16 01:23:23.081;Коммунальные услуги;9
OPERATION;699;EXPENSE;9;3244,88;2026-03-16 01:23:23.081;Коммунальные услуги;9
OPERATION;700;EXPENSE;7;7484,12;2026-03-16 01:23:23.081;Коммунальные услуги;9
OPERATION;701;INCOME;8;38853,36;2026-03-16 01:23:23.081;Премия;2
OPERATION;702;EXPENSE;8;3816,12;2026-03-16 01:23:23.081;Продукты;6
OPERATION;703;EXPENSE;4;4415,83;2026-03-16 01:23:23.081;Кофе;7
OPERATION;704;EXPENSE;10;463,76;2026-03-16 01:23:23.081;Такси;8
OPERATION;705;INCOME;7;56628,13;2026-03-16 01:23:23.081;Зарплата за July 2024;1
OPERATION;706;EXPENSE;4;9292,19;2026-03-16 01:23:23.081;Коммунальные услуги;9
OPERATION;707;EXPENSE;7;8264,12;2026-03-16 01:23:23.081;Коммунальные услуги;9
OPERATION;708;EXPENSE;2;447,62;2026-03-16 01:23:23.081;Метро;8
OPERATION;709;EXPENSE;10;1169,40;2026-03-16 01:23:23.081;Ужин;7
OPERATION;710;EXPENSE;1;2205,72;2026-03-16 01:23:23.081;Продукты;6
OPERATION;711;EXPENSE;8;558,62;2026-03-16 01:23:23.081;Обед;7
OPERATION;712;EXPENSE;10;1710,54;2026-03-16 01:23:23.081;Такси;8
OPERATION;713;EXPENSE;7;3079,00;2026-03-16 01:23:23.081;Кино;10
OPERATION;714;EXPENSE;8;1767,92;2026-03-16 01:23:23.081;Ужин;7
OPERATION;715;EXPENSE;4;2654,04;2026-03-16 01:23:23.081;Коммунальные услуги;9
OPERATION;716;INCOME;5;42839,10;2026-03-16 01:23:23.081;Зарплата за August 2024;1
OPERATION;717;INCOME;3;95366,66;2026-03-16 01:23:23.081;Зарплата за September 2024;1
OPERATION;718;EXPENSE;1;2074,71;2026-03-16 01:23:23.081;Обед;7
OPERATION;719;INCOME;3;19716,44;2026-03-16 01:23:23.081;Премия;2
OPERATION;720;INCOME;4;125064,48;2026-03-16 01:23:23.081;Зарплата за September 2024;1
OPERATION;721;EXPENSE;6;4077,17;2026-03-16 01:23:23.081;Кино;10
OPERATION;722;EXPENSE;5;3099,70;2026-03-16 01:23:23.081;Продукты;6
OPERATION;723;EXPENSE;10;2974,96;2026-03-16 01:23:23.081;Продукты;6
OPERATION;724;INCOME;9;2774,39;2026-03-16 01:23:23.081;Кэшбэк;3
OPERATION;725;EXPENSE;7;1838,09;2026-03-16 01:23:23.081;Метро;8
OPERATION;726;EXPENSE;6;2881,50;2026-03-16 01:23:23.081;Продукты;6
OPERATION;727;EXPENSE;1;3325,77;2026-03-16 01:23:23.081;Ужин;7
OPERATION;728;EXPENSE;4;1646,40;2026-03-16 01:23:23.081;Хобби;10
OPERATION;729;EXPENSE;1;4713,27;2026-03-16 01:23:23.081;Кино;10
OPERATION;730;EXPENSE;10;4136,06;2026-03-16 01:23:23.081;Коммунальные услуги;9
OPERATION;731;INCOME;7;41783,99;2026-03-16 01:23:23.081;Зарплата за September 2024;1
OPERATION;732;EXPENSE;1;7784,72;2026-03-16 01:23:23.081;Продукты;6
OPERATION;733;EXPENSE;4;3912,17;2026-03-16 01:23:23.081;Продукты;6
OPERATION;734;EXPENSE;3;1082,48;2026-03-16 01:23:23.081;Бензин;8
OPERATION;735;INCOME;6;16750,51;2026-03-16 01:23:23.081;Премия;2
OPERATION;736;INCOME;6;90984,72;2026-03-16 01:23:23.081;Зарплата за September 2024;1
OPERATION;737;EXPENSE;3;727,64;2026-03-16 01:23:23.081;Такси;8
OPERATION;738;EXPENSE;3;1027,63;2026-03-16 01:23:23.081;Кино;10
OPERATION;739;INCOME;1;108275,63;2026-03-16 01:23:23.081;Зарплата за October 2024;1
OPERATION;740;EXPENSE;8;3761,51;2026-03-16 01:23:23.081;Ужин;7
OPERATION;741;EXPENSE;10;7329,44;2026-03-16 01:23:23.081;Продукты;6
OPERATION;742;INCOME;8;30566,52;2026-03-16 01:23:23.081;Зарплата за October 2024;1
OPERATION;743;EXPENSE;6;4688,69;2026-03-16 01:23:23.081;Коммунальные услуги;9
OPERATION;744;INCOME;1;115982,08;2026-03-16 01:23:23.081;Зарплата за October 2024;1
OPERATION;745;INCOME;8;1563,60;2026-03-16 01:23:23.081;Кэшбэк;3
OPERATION;746;EXPENSE;7;2977,58;2026-03-16 01:23:23.081;Концерт;10
OPERATION;747;INCOME;6;37654,53;2026-03-16 01:23:23.081;Премия;2
OPERATION;748;EXPENSE;4;1031,28;2026-03-16 01:23:23.081;Метро;8
OPERATION;749;INCOME;2;12324,24;2026-03-16 01:23:23.081;Премия;2
OPERATION;750;EXPENSE;7;2809,26;2026-03-16 01:23:23.081;Ужин;7
OPERATION;751;EXPENSE;1;5590,46;2026-03-16 01:23:23.081;Концерт;10
OPERATION;752;EXPENSE;4;7907,24;2026-03-16 01:23:23.081;Продукты;6
OPERATION;753;EXPENSE;8;7010,00;2026-03-16 01:23:23.081;Продукты;6
OPERATION;754;EXPENSE;3;1052,61;2026-03-16 01:23:23.081;Продукты;6
OPERATION;755;EXPENSE;2;2796,76;2026-03-16 01:23:23.081;Коммунальные услуги;9
OPERATION;756;EXPENSE;8;1179,09;2026-03-16 01:23:23.081;Продукты;6
OPERATION;757;EXPENSE;9;4093,27;2026-03-16 01:23:23.081;Коммунальные услуги;9
OPERATION;758;EXPENSE;4;2419,20;2026-03-16 01:23:23.081;Кофе;7
OPERATION;759;EXPENSE;9;4641,69;2026-03-16 01:23:23.081;Концерт;10
OPERATION;760;EXPENSE;5;3281,35;2026-03-16 01:23:23.081;Ужин;7
OPERATION;761;INCOME;9;124372,66;2026-03-16 01:23:23.081;Зарплата за November 2024;1
OPERATION;762;EXPENSE;1;4763,11;2026-03-16 01:23:23.081;Концерт;10
OPERATION;763;INCOME;5;96245,88;2026-03-16 01:23:23.081;Зарплата за November 2024;1
OPERATION;764;INCOME;6;13022,43;2026-03-16 01:23:23.081;Премия;2
OPERATION;765;INCOME;6;119937,80;2026-03-16 01:23:23.081;Зарплата за November 2024;1
OPERATION;766;INCOME;1;45560,91;2026-03-16 01:23:23.081;Зарплата за December 2024;1
OPERATION;767;EXPENSE;1;1563,53;2026-03-16 01:23:23.081;Кофе;7
OPERATION;768;EXPENSE;7;1682,36;2026-03-16 01:23:23.081;Бензин;8
OPERATION;769;INCOME;6;17234,35;2026-03-16 01:23:23.081;Премия;2
OPERATION;770;INCOME;3;43312,95;2026-03-16 01:23:23.081;Премия;2
OPERATION;771;EXPENSE;6;3444,20;2026-03-16 01:23:23.081;Концерт;10
OPERATION;772;EXPENSE;4;3755,98;2026-03-16 01:23:23.081;Продукты;6
OPERATION;773;EXPENSE;7;9008,49;2026-03-16 01:23:23.081;Коммунальные услуги;9
OPERATION;774;INCOME;9;95592,47;2026-03-16 01:23:23.081;Зарплата за December 2024;1
OPERATION;775;EXPENSE;1;2465,14;2026-03-16 01:23:23.081;Кофе;7
OPERATION;776;EXPENSE;1;2266,18;2026-03-16 01:23:23.081;Кино;10
OPERATION;777;EXPENSE;2;921,24;2026-03-16 01:23:23.081;Обед;7
OPERATION;778;INCOME;8;39093,18;2026-03-16 01:23:23.081;Премия;2
OPERATION;779;INCOME;7;142584,01;2026-03-16 01:23:23.081;Зарплата за December 2024;1
OPERATION;780;EXPENSE;5;651,24;2026-03-16 01:23:23.081;Бензин;8
OPERATION;781;INCOME;6;100039,75;2026-03-16 01:23:23.081;Зарплата за December 2024;1
OPERATION;782;EXPENSE;6;2306,44;2026-03-16 01:23:23.081;Хобби;10
OPERATION;783;INCOME;7;78201,68;2026-03-16 01:23:23.081;Зарплата за December 2024;1
OPERATION;784;INCOME;6;105848,80;2026-03-16 01:23:23.081;Зарплата за December 2024;1
OPERATION;785;EXPENSE;2;7631,82;2026-03-16 01:23:23.081;Коммунальные услуги;9
OPERATION;786;EXPENSE;9;3732,01;2026-03-16 01:23:23.081;Кино;10
OPERATION;787;INCOME;8;122144,33;2026-03-16 01:23:23.081;Зарплата за January 2025;1
OPERATION;788;EXPENSE;6;1726,06;2026-03-16 01:23:23.081;Кино;10
OPERATION;789;EXPENSE;5;1282,16;2026-03-16 01:23:23.081;Хобби;10
OPERATION;790;EXPENSE;7;4868,48;2026-03-16 01:23:23.081;Кино;10
OPERATION;791;EXPENSE;10;2430,17;2026-03-16 01:23:23.081;Ужин;7
OPERATION;792;EXPENSE;1;1350,44;2026-03-16 01:23:23.081;Метро;8
OPERATION;793;EXPENSE;1;2140,68;2026-03-16 01:23:23.081;Ужин;7
OPERATION;794;EXPENSE;9;2333,76;2026-03-16 01:23:23.081;Продукты;6
OPERATION;795;EXPENSE;9;3218,63;2026-03-16 01:23:23.081;Хобби;10
OPERATION;796;EXPENSE;7;6530,73;2026-03-16 01:23:23.081;Продукты;6
OPERATION;797;EXPENSE;6;582,57;2026-03-16 01:23:23.081;Такси;8
OPERATION;798;EXPENSE;7;5778,66;2026-03-16 01:23:23.081;Концерт;10
OPERATION;799;EXPENSE;3;5524,82;2026-03-16 01:23:23.081;Кино;10
OPERATION;800;EXPENSE;7;9074,17;2026-03-16 01:23:23.081;Коммунальные услуги;9
OPERATION;801;EXPENSE;2;6741,71;2026-03-16 01:23:23.081;Коммунальные услуги;9
OPERATION;802;INCOME;6;109291,23;2026-03-16 01:23:23.081;Зарплата за January 2025;1
OPERATION;803;INCOME;8;21770,28;2026-03-16 01:23:23.081;Премия;2
OPERATION;804;EXPENSE;8;1221,60;2026-03-16 01:23:23.081;Концерт;10
OPERATION;805;EXPENSE;3;3248,40;2026-03-16 01:23:23.081;Коммунальные услуги;9
OPERATION;806;EXPENSE;4;1452,66;2026-03-16 01:23:23.081;Ужин;7
OPERATION;807;EXPENSE;2;7696,28;2026-03-16 01:23:23.081;Продукты;6
OPERATION;808;INCOME;9;121190,43;2026-03-16 01:23:23.081;Зарплата за February 2025;1
OPERATION;809;INCOME;1;77103,74;2026-03-16 01:23:23.081;Зарплата за February 2025;1
OPERATION;810;INCOME;1;137891,57;2026-03-16 01:23:23.081;Зарплата за February 2025;1
OPERATION;811;INCOME;1;135431,13;2026-03-16 01:23:23.081;Зарплата за February 2025;1
OPERATION;812;EXPENSE;8;967,64;2026-03-16 01:23:23.081;Ужин;7
OPERATION;813;EXPENSE;5;4700,90;2026-03-16 01:23:23.081;Обед;7
OPERATION;814;EXPENSE;4;4210,60;2026-03-16 01:23:23.081;Ужин;7
OPERATION;815;EXPENSE;7;4440,53;2026-03-16 01:23:23.081;Хобби;10
OPERATION;816;EXPENSE;8;7357,35;2026-03-16 01:23:23.081;Коммунальные услуги;9
OPERATION;817;INCOME;10;5672,98;2026-03-16 01:23:23.081;Премия;2
OPERATION;818;EXPENSE;5;1211,32;2026-03-16 01:23:23.081;Продукты;6
OPERATION;819;EXPENSE;9;3627,69;2026-03-16 01:23:23.081;Кино;10
OPERATION;820;EXPENSE;1;3200,80;2026-03-16 01:23:23.081;Кино;10
OPERATION;821;INCOME;7;121010,15;2026-03-16 01:23:23.081;Зарплата за February 2025;1
OPERATION;822;EXPENSE;5;9938,61;2026-03-16 01:23:23.081;Коммунальные услуги;9
OPERATION;823;EXPENSE;8;2518,99;2026-03-16 01:23:23.081;Кино;10
OPERATION;824;INCOME;5;36894,94;2026-03-16 01:23:23.081;Зарплата за February 2025;1
OPERATION;825;EXPENSE;2;1868,22;2026-03-16 01:23:23.081;Кофе;7
OPERATION;826;EXPENSE;5;4148,82;2026-03-16 01:23:23.081;Концерт;10
OPERATION;827;EXPENSE;7;6699,45;2026-03-16 01:23:23.081;Коммунальные услуги;9
OPERATION;828;INCOME;5;27182,11;2026-03-16 01:23:23.081;Премия;2
OPERATION;829;EXPENSE;10;5540,54;2026-03-16 01:23:23.081;Продукты;6
OPERATION;830;EXPENSE;9;7643,99;2026-03-16 01:23:23.081;Продукты;6
OPERATION;831;EXPENSE;10;720,70;2026-03-16 01:23:23.081;Метро;8
OPERATION;832;EXPENSE;4;2192,61;2026-03-16 01:23:23.081;Коммунальные услуги;9
OPERATION;833;INCOME;5;118379,82;2026-03-16 01:23:23.081;Зарплата за March 2025;1
OPERATION;834;EXPENSE;1;2733,77;2026-03-16 01:23:23.081;Продукты;6
OPERATION;835;EXPENSE;1;7514,49;2026-03-16 01:23:23.081;Продукты;6
OPERATION;836;INCOME;6;2449,26;2026-03-16 01:23:23.081;Кэшбэк;3
OPERATION;837;EXPENSE;5;4872,42;2026-03-16 01:23:23.081;Обед;7
OPERATION;838;EXPENSE;3;6139,52;2026-03-16 01:23:23.081;Концерт;10
OPERATION;839;INCOME;6;11334,53;2026-03-16 01:23:23.081;Премия;2
OPERATION;840;EXPENSE;9;3865,97;2026-03-16 01:23:23.081;Продукты;6
OPERATION;841;EXPENSE;4;9185,76;2026-03-16 01:23:23.081;Коммунальные услуги;9
OPERATION;842;EXPENSE;10;1218,11;2026-03-16 01:23:23.081;Продукты;6
OPERATION;843;EXPENSE;8;4012,79;2026-03-16 01:23:23.081;Коммунальные услуги;9
OPERATION;844;EXPENSE;8;1427,90;2026-03-16 01:23:23.081;Обед;7
OPERATION;845;EXPENSE;4;1733,29;2026-03-16 01:23:23.081;Такси;8
OPERATION;846;EXPENSE;2;866,89;2026-03-16 01:23:23.081;Такси;8
OPERATION;847;EXPENSE;2;5723,85;2026-03-16 01:23:23.081;Кино;10
OPERATION;848;EXPENSE;9;7458,70;2026-03-16 01:23:23.081;Коммунальные услуги;9
OPERATION;849;EXPENSE;5;3830,54;2026-03-16 01:23:23.081;Продукты;6
OPERATION;850;EXPENSE;10;2861,08;2026-03-16 01:23:23.081;Ужин;7
OPERATION;851;EXPENSE;4;9911,94;2026-03-16 01:23:23.081;Коммунальные услуги;9
OPERATION;852;INCOME;9;57477,64;2026-03-16 01:23:23.081;Зарплата за April 2025;1
OPERATION;853;EXPENSE;1;5488,23;2026-03-16 01:23:23.081;Кино;10
OPERATION;854;INCOME;3;34943,86;2026-03-16 01:23:23.081;Премия;2
OPERATION;855;EXPENSE;8;3754,97;2026-03-16 01:23:23.081;Концерт;10
OPERATION;856;INCOME;3;14676,50;2026-03-16 01:23:23.081;Премия;2
OPERATION;857;EXPENSE;8;1960,31;2026-03-16 01:23:23.081;Хобби;10
OPERATION;858;INCOME;9;142693,68;2026-03-16 01:23:23.081;Зарплата за April 2025;1
OPERATION;859;EXPENSE;3;4325,58;2026-03-16 01:23:23.081;Продукты;6
OPERATION;860;EXPENSE;7;1818,26;2026-03-16 01:23:23.081;Кофе;7
OPERATION;861;EXPENSE;4;2378,21;2026-03-16 01:23:23.081;Продукты;6
OPERATION;862;EXPENSE;7;2221,45;2026-03-16 01:23:23.081;Кофе;7
OPERATION;863;EXPENSE;7;4136,76;2026-03-16 01:23:23.081;Коммунальные услуги;9
OPERATION;864;EXPENSE;9;6698,61;2026-03-16 01:23:23.081;Хобби;10
OPERATION;865;INCOME;10;31939,30;2026-03-16 01:23:23.081;Премия;2
OPERATION;866;EXPENSE;3;6844,99;2026-03-16 01:23:23.081;Концерт;10
OPERATION;867;EXPENSE;2;5502,19;2026-03-16 01:23:23.081;Продукты;6
OPERATION;868;EXPENSE;5;1354,29;2026-03-16 01:23:23.081;Ужин;7
OPERATION;869;EXPENSE;7;895,03;2026-03-16 01:23:23.081;Бензин;8
OPERATION;870;EXPENSE;6;1802,98;2026-03-16 01:23:23.081;Такси;8
OPERATION;871;EXPENSE;3;1294,89;2026-03-16 01:23:23.081;Бензин;8
OPERATION;872;EXPENSE;10;6165,20;2026-03-16 01:23:23.081;Кино;10
OPERATION;873;EXPENSE;10;1413,72;2026-03-16 01:23:23.081;Бензин;8
OPERATION;874;EXPENSE;9;8223,56;2026-03-16 01:23:23.081;Коммунальные услуги;9
OPERATION;875;EXPENSE;2;6885,17;2026-03-16 01:23:23.081;Кино;10
OPERATION;876;EXPENSE;3;862,48;2026-03-16 01:23:23.081;Кофе;7
OPERATION;877;EXPENSE;1;5626,71;2026-03-16 01:23:23.081;Продукты;6
OPERATION;878;EXPENSE;3;4099,84;2026-03-16 01:23:23.081;Коммунальные услуги;9
OPERATION;879;EXPENSE;3;7788,85;2026-03-16 01:23:23.081;Коммунальные услуги;9
OPERATION;880;EXPENSE;10;3577,63;2026-03-16 01:23:23.081;Хобби;10
OPERATION;881;EXPENSE;7;5479,33;2026-03-16 01:23:23.081;Кино;10
OPERATION;882;INCOME;4;122993,73;2026-03-16 01:23:23.081;Зарплата за June 2025;1
OPERATION;883;EXPENSE;6;1855,48;2026-03-16 01:23:23.081;Продукты;6
OPERATION;884;EXPENSE;9;234,79;2026-03-16 01:23:23.081;Такси;8
OPERATION;885;INCOME;3;119624,19;2026-03-16 01:23:23.081;Зарплата за June 2025;1
OPERATION;886;EXPENSE;10;926,65;2026-03-16 01:23:23.081;Бензин;8
OPERATION;887;EXPENSE;2;3278,21;2026-03-16 01:23:23.081;Коммунальные услуги;9
OPERATION;888;EXPENSE;8;4994,99;2026-03-16 01:23:23.081;Кино;10
OPERATION;889;EXPENSE;8;5728,52;2026-03-16 01:23:23.081;Коммунальные услуги;9
OPERATION;890;INCOME;1;134454,26;2026-03-16 01:23:23.081;Зарплата за July 2025;1
OPERATION;891;INCOME;3;36633,71;2026-03-16 01:23:23.081;Премия;2
OPERATION;892;EXPENSE;4;1268,80;2026-03-16 01:23:23.081;Такси;8
OPERATION;893;INCOME;2;32455,45;2026-03-16 01:23:23.081;Премия;2
OPERATION;894;EXPENSE;6;9203,30;2026-03-16 01:23:23.081;Коммунальные услуги;9
OPERATION;895;INCOME;4;147137,73;2026-03-16 01:23:23.081;Зарплата за July 2025;1
OPERATION;896;EXPENSE;6;1055,41;2026-03-16 01:23:23.081;Концерт;10
OPERATION;897;INCOME;10;121460,60;2026-03-16 01:23:23.081;Зарплата за July 2025;1
OPERATION;898;EXPENSE;10;1692,71;2026-03-16 01:23:23.081;Продукты;6
OPERATION;899;INCOME;7;22266,18;2026-03-16 01:23:23.081;Премия;2
OPERATION;900;EXPENSE;5;1217,88;2026-03-16 01:23:23.081;Продукты;6
OPERATION;901;EXPENSE;3;2594,70;2026-03-16 01:23:23.081;Коммунальные услуги;9
OPERATION;902;INCOME;1;69458,00;2026-03-16 01:23:23.081;Зарплата за July 2025;1
OPERATION;903;EXPENSE;9;2880,06;2026-03-16 01:23:23.081;Концерт;10
OPERATION;904;EXPENSE;10;2021,91;2026-03-16 01:23:23.081;Кофе;7
OPERATION;905;EXPENSE;7;2718,48;2026-03-16 01:23:23.081;Кофе;7
OPERATION;906;INCOME;5;44725,40;2026-03-16 01:23:23.081;Премия;2
OPERATION;907;INCOME;8;14748,95;2026-03-16 01:23:23.081;Премия;2
OPERATION;908;EXPENSE;10;2896,24;2026-03-16 01:23:23.081;Кино;10
OPERATION;909;EXPENSE;7;5704,59;2026-03-16 01:23:23.081;Кино;10
OPERATION;910;INCOME;10;28767,01;2026-03-16 01:23:23.081;Премия;2
OPERATION;911;EXPENSE;1;9291,81;2026-03-16 01:23:23.081;Коммунальные услуги;9
OPERATION;912;INCOME;6;45922,58;2026-03-16 01:23:23.081;Зарплата за August 2025;1
OPERATION;913;EXPENSE;2;337,06;2026-03-16 01:23:23.081;Бензин;8
OPERATION;914;EXPENSE;10;6263,51;2026-03-16 01:23:23.081;Концерт;10
OPERATION;915;EXPENSE;10;916,64;2026-03-16 01:23:23.081;Бензин;8
OPERATION;916;EXPENSE;4;5098,46;2026-03-16 01:23:23.081;Концерт;10
OPERATION;917;INCOME;5;18192,51;2026-03-16 01:23:23.081;Премия;2
OPERATION;918;EXPENSE;6;8413,79;2026-03-16 01:23:23.081;Коммунальные услуги;9
OPERATION;919;EXPENSE;1;4612,48;2026-03-16 01:23:23.081;Ужин;7
OPERATION;920;EXPENSE;2;2489,62;2026-03-16 01:23:23.081;Коммунальные услуги;9
OPERATION;921;EXPENSE;4;3008,56;2026-03-16 01:23:23.081;Продукты;6
OPERATION;922;EXPENSE;5;4393,13;2026-03-16 01:23:23.081;Продукты;6
OPERATION;923;INCOME;3;112802,39;2026-03-16 01:23:23.081;Зарплата за August 2025;1
OPERATION;924;EXPENSE;4;256,84;2026-03-16 01:23:23.081;Метро;8
OPERATION;925;INCOME;7;34328,40;2026-03-16 01:23:23.081;Зарплата за August 2025;1
OPERATION;926;EXPENSE;6;4007,67;2026-03-16 01:23:23.081;Кино;10
OPERATION;927;INCOME;3;44003,16;2026-03-16 01:23:23.081;Премия;2
OPERATION;928;EXPENSE;10;2867,65;2026-03-16 01:23:23.081;Обед;7
OPERATION;929;INCOME;10;32829,82;2026-03-16 01:23:23.081;Премия;2
OPERATION;930;EXPENSE;6;3968,88;2026-03-16 01:23:23.081;Обед;7
OPERATION;931;EXPENSE;10;656,58;2026-03-16 01:23:23.081;Бензин;8
OPERATION;932;EXPENSE;7;1687,07;2026-03-16 01:23:23.081;Такси;8
OPERATION;933;INCOME;1;141351,61;2026-03-16 01:23:23.081;Зарплата за September 2025;1
OPERATION;934;EXPENSE;1;693,50;2026-03-16 01:23:23.081;Такси;8
OPERATION;935;INCOME;6;26892,76;2026-03-16 01:23:23.081;Премия;2
OPERATION;936;INCOME;8;119956,95;2026-03-16 01:23:23.081;Зарплата за September 2025;1
OPERATION;937;INCOME;2;93862,02;2026-03-16 01:23:23.081;Зарплата за September 2025;1
OPERATION;938;EXPENSE;5;3903,47;2026-03-16 01:23:23.081;Ужин;7
OPERATION;939;EXPENSE;3;6521,15;2026-03-16 01:23:23.081;Продукты;6
OPERATION;940;EXPENSE;2;9494,53;2026-03-16 01:23:23.081;Коммунальные услуги;9
OPERATION;941;EXPENSE;5;1833,15;2026-03-16 01:23:23.081;Кино;10
OPERATION;942;INCOME;5;53337,69;2026-03-16 01:23:23.081;Зарплата за September 2025;1
OPERATION;943;EXPENSE;9;2541,41;2026-03-16 01:23:23.081;Обед;7
OPERATION;944;EXPENSE;6;6835,31;2026-03-16 01:23:23.081;Хобби;10
OPERATION;945;EXPENSE;5;2201,24;2026-03-16 01:23:23.081;Хобби;10
OPERATION;946;EXPENSE;3;4645,10;2026-03-16 01:23:23.081;Коммунальные услуги;9
OPERATION;947;EXPENSE;7;4704,67;2026-03-16 01:23:23.081;Коммунальные услуги;9
OPERATION;948;EXPENSE;7;3979,97;2026-03-16 01:23:23.081;Коммунальные услуги;9
OPERATION;949;EXPENSE;3;2977,43;2026-03-16 01:23:23.081;Обед;7
OPERATION;950;INCOME;1;22470,21;2026-03-16 01:23:23.081;Премия;2
OPERATION;951;EXPENSE;7;2213,58;2026-03-16 01:23:23.081;Коммунальные услуги;9
OPERATION;952;EXPENSE;7;1426,97;2026-03-16 01:23:23.081;Хобби;10
OPERATION;953;EXPENSE;7;1168,33;2026-03-16 01:23:23.081;Такси;8
OPERATION;954;EXPENSE;6;7073,10;2026-03-16 01:23:23.081;Коммунальные услуги;9
OPERATION;955;EXPENSE;8;938,95;2026-03-16 01:23:23.081;Метро;8
OPERATION;956;EXPENSE;7;366,99;2026-03-16 01:23:23.081;Бензин;8
OPERATION;957;INCOME;5;2095,26;2026-03-16 01:23:23.081;Кэшбэк;3
OPERATION;958;EXPENSE;7;2992,81;2026-03-16 01:23:23.081;Хобби;10
OPERATION;959;EXPENSE;6;7923,41;2026-03-16 01:23:23.081;Коммунальные услуги;9
OPERATION;960;EXPENSE;9;632,90;2026-03-16 01:23:23.081;Обед;7
OPERATION;961;EXPENSE;10;850,81;2026-03-16 01:23:23.081;Ужин;7
OPERATION;962;INCOME;8;84366,37;2026-03-16 01:23:23.081;Зарплата за October 2025;1
OPERATION;963;INCOME;2;133289,21;2026-03-16 01:23:23.081;Зарплата за October 2025;1
OPERATION;964;EXPENSE;10;867,56;2026-03-16 01:23:23.081;Продукты;6
OPERATION;965;EXPENSE;5;1034,13;2026-03-16 01:23:23.081;Концерт;10
OPERATION;966;INCOME;5;33218,67;2026-03-16 01:23:23.081;Премия;2
OPERATION;967;INCOME;7;124961,40;2026-03-16 01:23:23.081;Зарплата за October 2025;1
OPERATION;968;INCOME;3;1811,41;2026-03-16 01:23:23.081;Кэшбэк;3
OPERATION;969;EXPENSE;8;105,54;2026-03-16 01:23:23.081;Метро;8
OPERATION;970;EXPENSE;4;1288,99;2026-03-16 01:23:23.081;Хобби;10
OPERATION;971;EXPENSE;9;3670,64;2026-03-16 01:23:23.081;Продукты;6
OPERATION;972;EXPENSE;8;5867,42;2026-03-16 01:23:23.081;Коммунальные услуги;9
OPERATION;973;INCOME;1;90303,20;2026-03-16 01:23:23.081;Зарплата за November 2025;1
OPERATION;974;EXPENSE;2;8500,13;2026-03-16 01:23:23.081;Коммунальные услуги;9
OPERATION;975;EXPENSE;10;4697,26;2026-03-16 01:23:23.081;Кино;10
OPERATION;976;EXPENSE;3;4219,12;2026-03-16 01:23:23.081;Продукты;6
OPERATION;977;INCOME;5;33331,68;2026-03-16 01:23:23.081;Премия;2
OPERATION;978;INCOME;3;30132,51;2026-03-16 01:23:23.081;Зарплата за November 2025;1
OPERATION;979;EXPENSE;6;1450,99;2026-03-16 01:23:23.081;Ужин;7
OPERATION;980;EXPENSE;1;4500,57;2026-03-16 01:23:23.081;Коммунальные услуги;9
OPERATION;981;EXPENSE;9;649,13;2026-03-16 01:23:23.081;Бензин;8
OPERATION;982;EXPENSE;3;4385,97;2026-03-16 01:23:23.081;Концерт;10
OPERATION;983;INCOME;5;6732,77;2026-03-16 01:23:23.081;Премия;2
OPERATION;984;INCOME;2;69554,78;2026-03-16 01:23:23.081;Зарплата за November 2025;1
OPERATION;985;EXPENSE;1;8293,75;2026-03-16 01:23:23.081;Коммунальные услуги;9
OPERATION;986;EXPENSE;5;1407,00;2026-03-16 01:23:23.081;Ужин;7
OPERATION;987;EXPENSE;6;4193,51;2026-03-16 01:23:23.081;Коммунальные услуги;9
OPERATION;988;EXPENSE;8;1838,30;2026-03-16 01:23:23.081;Метро;8
OPERATION;989;EXPENSE;10;840,45;2026-03-16 01:23:23.081;Ужин;7
OPERATION;990;INCOME;6;54457,43;2026-03-16 01:23:23.081;Зарплата за December 2025;1
OPERATION;991;INCOME;2;147228,49;2026-03-16 01:23:23.081;Зарплата за December 2025;1
OPERATION;992;INCOME;5;147920,39;2026-03-16 01:23:23.081;Зарплата за December 2025;1
OPERATION;993;EXPENSE;3;1788,39;2026-03-16 01:23:23.081;Бензин;8
OPERATION;994;EXPENSE;1;3859,11;2026-03-16 01:23:23.081;Концерт;10
OPERATION;995;EXPENSE;7;477,68;2026-03-16 01:23:23.081;Бензин;8
OPERATION;996;INCOME;1;106540,01;2026-03-16 01:23:23.081;Зарплата за December 2025;1
OPERATION;997;EXPENSE;9;2247,48;2026-03-16 01:23:23.081;Кофе;7
OPERATION;998;EXPENSE;4;2271,91;2026-03-16 01:23:23.081;Концерт;10
OPERATION;999;EXPENSE;6;6409,37;2026-03-16 01:23:23.081;Продукты;6
OPERATION;1000;EXPENSE;4;2465,38;2026-03-16 01:23:23.081;Ужин;7
